fr_mineral_name,word_count
Acide tartrique,2
Actinote N,2
Aegyrine Mn Schefferite,3
Aiguemarine (Aigue-Marine),2
Albite Adulaire,2
Alkali Feldspars,2
Allanite Orthite,2
Allemontite [pas une espèce],4
Alum K,2
Alun d'ammoniaque,2
Andesine (A Variety Of Albite),5
Andorite Iv,2
Andorite Vi,2
Annabergite C,2
Apophyllite=Apophyllite-(Kf) Or -(Koh) Or -(Naf),5
Aragonite'Aragonite Coralloide',2
Aragonite'Aragonite Pisolithique',2
Argent Des Chats,3
Argent natif,2
ArseniosideritePas ceci,2
Arsensulfurite [pas une espèce],4
Asbeste [pas une espèce],4
AsbesteP[pas une espèce],3
Austinite B,2
Axinite Fe,2
Axinite GRP.,2
Azurite -Malachite,2
Ba-Zn Alumopharmacosiderite,2
Barium Pharmacosiderite,2
Barrandite [pas une espèce] minéral,5
Barrotite à revérifier,3
Barytocelestine [pas une espèce] !,5
"Berborite (-1t,-2t,-3h)",2
Beryl 'Goshenite',2
"Biotite (-1m,-2m,-5m1,-6a)",2
Biotite L,2
Biotite R,2
Boulangérite et pyrite,3
Bromargyrite 'Iodobromite',2
Bromian Chlorargyrite / Chlorian Bromargyrite,5
Calcédoine Chrysoprase,2
Calcio-andyrobertsite 2O,2
Calcite Cobaltoan,2
"Calomel, V. Br-Calomel",3
Capgaronnite 'Tocornalite',2
Carbonate Cyanotrichite,2
Carbonate indéterminé,2
Carpatite V. Pendletonite,3
"Caryopilite (1m,-1q)",2
Catgold (Cat Gold),3
"Chabazite, Gyolite, Apophyllite, Etc.",4
"Chabazite, Laumontite",2
Chalcopyrite et Bornite,3
Chillagite [pas une espèce] !,5
Chlorargyrite 'Embolite',2
Chrysotile Ortho,2
Clinochlore Fe,2
Clinochlore K,2
Clinochlore Manganoan,2
Clinochlore P,2
Clinochlore'Clinochlore Manganoan',2
Columbo-tantalite Fe/Mn,2
Corderoite V. Corderoite-Br,3
Cu riche Schulenbergite,3
Cuivre Arseniate,2
Cuivre Carbonate Bleu,3
Cuivre Hydrosiliceux,2
Cuivre natif,2
Cuivre Phosphate,2
Cuivre Veloute,2
Cuprian Austinite,2
Cuprite (Chal),2
Cyanure d'Yt et Pt,4
Dannemorite DISC,2
Davidite FAUX,2
Diamant imitation,2
Diopside 'Schefferite',2
Diopside 'Violane',2
Diopside (var. baïkalite),3
Diopside (var. diallage),3
Diopside (var. fassaïte),3
Diopside (var. violane),3
Diopside'Diopsidic Augite',2
Dipyre [pas une espèce],4
Dolomite'Ferroan Dolomite',2
Eglestonite V. Br-Eglestonite,3
Electrum [pas une espèce],4
Ellestadite OH,2
Enstatite (Bronzite),2
Ericssonite (-2m),2
Fayalite Knebelite,2
Fer Arseniate,2
Fer Azure,2
Fer Carbonate,2
Fer natif,2
Fer Phosphate,2
Ferriannite (Ferri-Annite),2
Ferricyanure d K,3
Fiedlerite (-2m1),2
Flos Ferri,2
Fluorite 'Yttrofluorite',2
Fluorite recouvert,2
Fluoro-chlorure d'Eu,2
Franckeite 'Potosiite',2
"Gageite (-1a,-2m)",2
Garniérite DISC,2
Garniérite[pas une espèce],3
Geocronite V. Schulzite,3
Gruenlingite DISC,2
Gummite [pas une espèce] minéral,5
Gypse 3 p.,3
Hannebachite (6 Éch.),3
Hauyne (>15 Éch.),3
Heinrichite !!! numéro,3
Hematite Eisenrose,2
Herschelite DISC,2
Hidalgoite (arsenogorceixite),2
Hornblende (Byssolite),2
Hornblende (var. bargamaskite),3
Huntilite pas un espèce minéral,5
Hydro Ugrandite,2
Hydronium Jarosite,2
Hypersthène[pas une espèce],3
Illite[pas une espèce],3
Iridium 'Platiniridium',2
Iron 'Kamacite',2
Iron 'Plessite',2
Iron Cordierite,2
Jadéïte (hache),2
Jet (Gemstone From Hard Black Lignite),6
Kainosite (Cénosite),2
Kaolinite (var. Anauxite),3
Ktenasite Cobaltoan Nickeloan,3
Kyanite Disthène,2
Labradorite (A Variety Of Anorthite),5
Lapis Lazuli,2
Lithiophorite !!! numéro,3
"Lizardite (-1t,-2h)",2
Magnesio-gedrite DISC,2
Magnesium Astrophyllite,2
Magnetite (Oxydation),2
Meliphanite DISC,2
Mendozavilite FAUX,2
Mercure natif,2
Mésotype a vérifier,3
Meta Aluminite,2
Meta Alunogen,2
Metaaluminite (Meta-Aluminite),2
Metaalunogen (Meta-Alunogen),2
Metacinnabar 'Saukovite',2
Metasiclerite [pas une espèce],4
Mohawkite [pas une espèce],4
Muscovite 'Alurgite',2
Muscovite A,2
Muscovite F,2
Muscovite Ö,2
Muscovite P,2
Muscovite Ph,2
Natrolite Mésolite !,3
Natrolite aragonite,2
Natromontebrasite DISC,2
Nickelskutterudite V. Chloanthite,3
Nontronite V. Volkonskoite,3
Oligoclase [pas une espèce],4
Or (moulage) imitation,3
Or Des Chats,3
Orthose A,2
Ouro Preto,2
"Oxyde d'Eu, Y et Sn",5
Oxyde d'Y,2
Pas déterminé (zaratite),3
Perovskite knopite,2
Pickeringite Mn,2
Plomb Carbonate Rhomboidal,3
Plomb natif,2
Prixite [pas une espèce],4
Psilomelane pas espéce,3
Pyrite 'Bravoite',2
Pyrochlore - Microlite,3
Pyromorphite Polysphérite,2
"Pyrophyllite (var, agalmolite)",3
Quartz 'Macle Du Japon',4
Quartz Chalcedony,2
Quartz Noir,2
Quartz Smoky,2
Quartz taillé,2
Radtkeite (Syntethic),2
Rhodonite Zn,2
Riebeckite (var. crocidolite),3
Roselite Beta,2
Rother Eisen-Vitriol,2
Rothes Bleierz,2
Sal ammoniac,2
Sal ammoniaque,2
"Sapphirine (-1a,-2a,-2m,-4m,-5a)",2
"Saussurite """,2
"Saussurite [pas une espèce]""",4
Schulenbergite à préciser,3
Segelerite famille Jhansite - Segelerite,5
Shepardite (Of Rose),3
Silica glass,2
Smithsonite Cobaltoan,2
Soda Feldspar,2
Soda Niter,2
Sodium métallique,2
Sphalerite 'Marmatite',2
Sphalerite 'Matraite',2
Sphalerite 'Sphalerite Indifere',3
Sphalerite + Wurtzite 'Schalenblende',4
Sphalérite Blende,2
Stibarsen 'Allemontite',2
Stibnite/zinckenite avec stibiconite,3
Stichtite - 2H,3
Straetlingite Strätlingite,2
Strontio Orthojoaquinite=Strontioorthojoaquinite,2
Sturtite [pas une espèce]!,4
Synchysite-(Y) ou (Ce) ou (Nd),3
Synchysite-(Y) ou (Ce) ou(Nd),3
Talc Stéatite,2
Tapiolite Ferrotapiolite-Manganotapiolite,2
Tetrahedrite-(Fe) 'Schwazite',2
Tetrahedrite-(Fe) 'Annivite',2
Tetrahedrite-(Fe) 'Tetrahedrite-Tennantite',2
Tétranatrolite DISC,2
Titanite'Ree Titanite',2
Tlalocite faux,2
Tocornalite DISC,2
Tourmaline (),2
Tourmaline (rubellite),2
Tunisite (>30 Éch.),3
Uranotile Beta,2
Vanadate d'Er,2
Vanadate d'Ho,2
Vanadate d'Y et Tm,4
Vanadinite As,2
Vermiculite Groupe,2
Vermiculite J,2
Wernerite DISC,2
Wernerite DISC [pas une espèce],5
Wiikite[pas une espèce],3
Willemite Mn,2
Yttrocerite [pas une espèce],4
Yttroorthite (Yttro Orthite),3
