"name","division_type","division_rank"
Afghanistan,"",Country
Aland Islands,"",Country
Albania,"",Country
Algeria,"",Country
American Samoa,"",Country
Andorra,"",Country
Angola,"",Country
Anguilla,"",Country
Antarctica,"",Country
Antigua and Barbuda,"",Country
Argentina,"",Country
Armenia,"",Country
Aruba,"",Country
Australia,"",Country
Austria,"",Country
Azerbaijan,"",Country
Bahamas,"",Country
Bahrain,"",Country
Bangladesh,"",Country
Barbados,"",Country
Belarus,"",Country
Belgium,"",Country
Belize,"",Country
Benin,"",Country
Bermuda,"",Country
Bhutan,"",Country
"Bolivia, Plurinational State of","",Country
"Bonaire, Sint Eustatius and Saba","",Country
Bosnia and Herzegovina,"",Country
Botswana,"",Country
Bouvet Island,"",Country
Brazil,"",Country
British Indian Ocean Territory,"",Country
Brunei Darussalam,"",Country
Bulgaria,"",Country
Burkina Faso,"",Country
Burundi,"",Country
Cambodia,"",Country
Cameroon,"",Country
Canada,"",Country
Cape Verde,"",Country
Cayman Islands,"",Country
Central African Republic,"",Country
Chad,"",Country
Chile,"",Country
China,"",Country
Christmas Island,"",Country
Cocos (Keeling) Islands,"",Country
Colombia,"",Country
Comoros,"",Country
Congo,"",Country
"Congo, The Democratic Republic of the","",Country
Cook Islands,"",Country
Costa Rica,"",Country
Cote d'Ivoire,"",Country
Croatia,"",Country
Cuba,"",Country
Curacao,"",Country
Cyprus,"",Country
Czech Republic,"",Country
Denmark,"",Country
Djibouti,"",Country
Dominica,"",Country
Dominican Republic,"",Country
Ecuador,"",Country
Egypt,"",Country
El Salvador,"",Country
Equatorial Guinea,"",Country
Eritrea,"",Country
Estonia,"",Country
Ethiopia,"",Country
Falkland Islands (Malvinas),"",Country
Faroe Islands,"",Country
Fiji,"",Country
Finland,"",Country
France,"",Country
French Guiana,"",Country
French Polynesia,"",Country
French Southern Territories,"",Country
Gabon,"",Country
Gambia,"",Country
Georgia,"",Country
Germany,"",Country
Ghana,"",Country
Gibraltar,"",Country
Greece,"",Country
Greenland,"",Country
Grenada,"",Country
Guadeloupe,"",Country
Guam,"",Country
Guatemala,"",Country
Guernsey,"",Country
Guinea,"",Country
Guinea-Bissau,"",Country
Guyana,"",Country
Haiti,"",Country
Heard Island and McDonald Islands,"",Country
Holy See (Vatican City State),"",Country
Honduras,"",Country
Hong Kong,"",Country
Hungary,"",Country
Iceland,"",Country
India,"",Country
Indonesia,"",Country
"Iran, Islamic Republic of","",Country
Iraq,"",Country
Ireland,"",Country
Isle of Man,"",Country
Israel,"",Country
Italy,"",Country
Jamaica,"",Country
Japan,"",Country
Jersey,"",Country
Jordan,"",Country
Kazakhstan,"",Country
Kenya,"",Country
Kiribati,"",Country
"Korea, Democratic People's Republic of","",Country
"Korea, Republic of","",Country
Kuwait,"",Country
Kyrgyzstan,"",Country
Lao People's Democratic Republic,"",Country
Latvia,"",Country
Lebanon,"",Country
Lesotho,"",Country
Liberia,"",Country
Libyan Arab Jamahiriya,"",Country
Liechtenstein,"",Country
Lithuania,"",Country
Luxembourg,"",Country
Macao,"",Country
"Macedonia, The Former Yugoslav Republic of","",Country
Madagascar,"",Country
Malawi,"",Country
Malaysia,"",Country
Maldives,"",Country
Mali,"",Country
Malta,"",Country
Marshall Islands,"",Country
Martinique,"",Country
Mauritania,"",Country
Mauritius,"",Country
Mayotte,"",Country
Mexico,"",Country
"Micronesia, Federated States of","",Country
"Moldova, Republic of","",Country
Monaco,"",Country
Mongolia,"",Country
Montenegro,"",Country
Montserrat,"",Country
Morocco,"",Country
Mozambique,"",Country
Myanmar,"",Country
Namibia,"",Country
Nauru,"",Country
Nepal,"",Country
Netherlands,"",Country
New Caledonia,"",Country
New Zealand,"",Country
Nicaragua,"",Country
Niger,"",Country
Nigeria,"",Country
Niue,"",Country
Norfolk Island,"",Country
Northern Mariana Islands,"",Country
Norway,"",Country
Occupied Palestinian Territory,"",Country
Oman,"",Country
Pakistan,"",Country
Palau,"",Country
Panama,"",Country
Papua New Guinea,"",Country
Paraguay,"",Country
Peru,"",Country
Philippines,"",Country
Pitcairn,"",Country
Poland,"",Country
Portugal,"",Country
Puerto Rico,"",Country
Qatar,"",Country
Reunion,"",Country
Romania,"",Country
Russian Federation,"",Country
Rwanda,"",Country
Saint Barthelemy,"",Country
"Saint Helena, Ascension and Tristan da Cunha","",Country
Saint Kitts and Nevis,"",Country
Saint Lucia,"",Country
Saint Martin (French part),"",Country
Saint Pierre and Miquelon,"",Country
Saint Vincent and The Grenadines,"",Country
Samoa,"",Country
San Marino,"",Country
Sao Tome and Principe,"",Country
Saudi Arabia,"",Country
Senegal,"",Country
Serbia,"",Country
Seychelles,"",Country
Sierra Leone,"",Country
Singapore,"",Country
Sint Maarten (Dutch part),"",Country
Slovakia,"",Country
Slovenia,"",Country
Solomon Islands,"",Country
Somalia,"",Country
South Africa,"",Country
South Georgia and the South Sandwich Islands,"",Country
South Sudan,"",Country
Spain,"",Country
Sri Lanka,"",Country
Sudan,"",Country
Suriname,"",Country
Svalbard and Jan Mayen,"",Country
Swaziland,"",Country
Sweden,"",Country
Switzerland,"",Country
Syrian Arab Republic,"",Country
"Taiwan, Province of China","",Country
Tajikistan,"",Country
"Tanzania, United Republic of","",Country
Thailand,"",Country
Timor-Leste,"",Country
Togo,"",Country
Tokelau,"",Country
Tonga,"",Country
Trinidad and Tobago,"",Country
Tunisia,"",Country
Turkey,"",Country
Turkmenistan,"",Country
Turks and Caicos Islands,"",Country
Tuvalu,"",Country
Uganda,"",Country
Ukraine,"",Country
United Arab Emirates,"",Country
United Kingdom,"",Country
United States,"",Country
United States Minor Outlying Islands,"",Country
Uruguay,"",Country
Uzbekistan,"",Country
Vanuatu,"",Country
"Venezuela, Bolivarian Republic of","",Country
Viet Nam,"",Country
"Virgin Islands, British","",Country
"Virgin Islands, U.S.","",Country
Wallis and Futuna,"",Country
Western Sahara,"",Country
Yemen,"",Country
Zambia,"",Country
Zimbabwe,"",Country
