column_name,label,definition,examples,datatype,dwc_term,mapping_relation,simple_specimen,compound_specimen,specimen_part,usage_notes
id,Identifier,"The row id of the record, by which other records reference it. On a specimen row it is the catalog number and persists; on a part row it is file-local and discarded after import. Unique within the file across all rows, compared case-sensitively after trimming.",DEMO-001; DEMO-003-A,string,dwc:materialEntityID | dwc:catalogNumber,skos:closeMatch,REQUIRED,REQUIRED,"REQUIRED if another row references it (intermediate part), otherwise empty",Never derive a part-row id from a row ordinal: it can collide with a catalog number. Use <catalog_number>-<suffix> (e.g. DEMO-003-A) or a UUID.
is_part_of,Is Part Of,"The id of the record this part belongs to. Empty on a specimen row, non-empty on a part row: this column alone classifies the record. Must equal the id of another row in the same file, and following the chain must reach a specimen row with no self-reference or cycle.",DEMO-002; DEMO-003-A,string,dwc:isPartOfMaterialEntityID,skos:closeMatch,empty,empty,REQUIRED,Depth is unlimited: a part may point at an intermediate part rather than the specimen row. Row order carries no structure.
material_category,Material Category,"The top-level class of the material described by the row, from the Geological Specimen Material Category vocabulary (https://kos.geospecimens.org/vocab/geological-specimen-material-category).",Mineral; Rock; Ore; Fossil,enum,dwc:materialCategory,skos:closeMatch,REQUIRED,REQUIRED,REQUIRED,Set independently on each row. Never copy a parent category to its parts or overwrite a parent to match them: a Rock resolving into Mineral parts is the ordinary case.
material_subcategory,Material Subcategory,A subdivision of material_category that narrows the class of the material described by the row.,Silicate,string,,,optional,optional,optional,Set independently on each row; never copied from a parent.
cataloged_name,Cataloged Name,"The name of the specimen as a whole as recorded in the collection catalogue, often a delimited list of its materials.","Fictionite; Placeholderite, Exemplar, Mockstone",string,,,REQUIRED,REQUIRED,empty,A specimen property: a consumer disregards it on part rows.
authoritative_name,Authoritative Name,"A name from a formal nomenclature, assigned by an authoritative body on defined criteria, for the material described by the row.",Fictionite; Placeholderite; Notarockite,string,dwc:geologicalMaterialName,skos:broadMatch,REQUIRED,optional,REQUIRED,"On a compound specimen row it may be empty, the materials being named on the part rows. If a main part is named there instead, do not repeat it as a part row."
verbatim_name,Verbatim Name,"The name as written on the label or in the source record, where it differs from authoritative_name.",exemplar var. fictus,string,dwc:verbatimIdentification,skos:closeMatch,optional,optional,optional,
collection_code,Collection Code,Collection code as reported by GRSciColl.,DEMO-MIN; DEMO-PET; DEMO-ECON,string,dwc:collectionCode,skos:exactMatch,REQUIRED,REQUIRED,REQUIRED,"Catalog numbers are unique per collection, not across collections: carry collection_code on every row and resolve is_part_of within one collection only."
institution_code,Institution Code,Institution code as reported by GRSciColl.,DEMO,string,dwc:institutionCode,skos:exactMatch,REQUIRED,REQUIRED,REQUIRED,
locality_description,Locality Description,A description of the place where the specimen was collected.,"Invented Valley, Nowhere District, Republic of Example",string,dwc:locality,skos:closeMatch,optional,optional,empty,"A specimen property: every part inherits the locality of its specimen, so do not repeat it on part rows."
