de_mineral_name,en_mineral_name,wikidata_uri
Abellait,Abellaite,https://en.wiktionary.org/wiki/Abellait#German
Abelsonit,Abelsonite,https://en.wiktionary.org/wiki/Abelsonit#German
Achat,Agate,https://en.wiktionary.org/wiki/Achat#German
Adamin,Adamite,https://en.wiktionary.org/wiki/Adamin#German
Akanthit,Acanthite,https://en.wiktionary.org/wiki/Akanthit#German
Akdalait,Akdalaite,https://en.wiktionary.org/wiki/Akdalait#German
Aktinolith,Actinolite,https://en.wiktionary.org/wiki/Aktinolith#German
Alabandin,Alabandite,https://en.wiktionary.org/wiki/Alabandin#German
Alabaster,Alabaster,https://en.wiktionary.org/wiki/Alabaster#German
Alaunstein,Alunite,https://en.wiktionary.org/wiki/Alaunstein#German
Albit,Albite,https://en.wiktionary.org/wiki/Albit#German
Alexandrit,Alexandrite,https://en.wiktionary.org/wiki/Alexandrit#German
Allargentum,Allargentum,https://en.wiktionary.org/wiki/Allargentum#German
Allemontit,Allemontite,https://en.wiktionary.org/wiki/Allemontit#German
Almandin,Almandine,https://en.wiktionary.org/wiki/Almandin#German
Aluminit,Aluminite,https://en.wiktionary.org/wiki/Aluminit#German
Alunit,Alunite,https://en.wiktionary.org/wiki/Alunit#German
Amblygonit,Amblygonite,https://en.wiktionary.org/wiki/Amblygonit#German
Ametrin,Ametrine,https://en.wiktionary.org/wiki/Ametrin#German
Amphibol,Amphibole,https://en.wiktionary.org/wiki/Amphibol#German
Andalusit,Andalusite,https://en.wiktionary.org/wiki/Andalusit#German
Anhydrit,Anhydrite,https://en.wiktionary.org/wiki/Anhydrit#German
Ankerit,Ankerite,https://en.wiktionary.org/wiki/Ankerit#German
Antimonglanz,Stibnite,https://en.wiktionary.org/wiki/Antimonglanz#German
Apatit,Apatite,https://en.wiktionary.org/wiki/Apatit#German
Aragonit,Aragonite,https://en.wiktionary.org/wiki/Aragonit#German
Arfvedsonit,Arfvedsonite,https://en.wiktionary.org/wiki/Arfvedsonit#German
Argentit,Argentite,https://en.wiktionary.org/wiki/Argentit#German
Argyrodit,Argyrodite,https://en.wiktionary.org/wiki/Argyrodit#German
Arsenkies,Arsenopyrite,https://en.wiktionary.org/wiki/Arsenkies#German
Arsenkies,Mispickel,https://en.wiktionary.org/wiki/Arsenkies#German
Arsenkupfer,Copper arsenide,https://en.wiktionary.org/wiki/Arsenkupfer#German
Arsenolith,Arsenolite,https://en.wiktionary.org/wiki/Arsenolith#German
Arsenopyrit,Arsenopyrite,https://en.wiktionary.org/wiki/Arsenopyrit#German
Arsentsumebit,Arsentsumebite,https://en.wiktionary.org/wiki/Arsentsumebit#German
Atacamit,Atacamite,https://en.wiktionary.org/wiki/Atacamit#German
Augit,Augite,https://en.wiktionary.org/wiki/Augit#German
Austenit,Austenite,https://en.wiktionary.org/wiki/Austenit#German
Awaruit,Awaruite,https://en.wiktionary.org/wiki/Awaruit#German
Azurit,Azurite,https://en.wiktionary.org/wiki/Azurit#German
Baddeleyit,Baddeleyite,https://en.wiktionary.org/wiki/Baddeleyit#German
Baileychlor,Baileychlore,https://en.wiktionary.org/wiki/Baileychlor#German
Baryt,Barite,https://en.wiktionary.org/wiki/Baryt#German
Basalt,Basalt,https://en.wiktionary.org/wiki/Basalt#German
Bastnäsit,Bastnäsite,https://en.wiktionary.org/wiki/Bastn%C3%A4sit#German
Bastnäsit,Bastnaesite,https://en.wiktionary.org/wiki/Bastn%C3%A4sit#German
Bauxit,Bauxite,https://en.wiktionary.org/wiki/Bauxit#German
Bazzit,Bazzite,https://en.wiktionary.org/wiki/Bazzit#German
Bergslagit,Bergslagite,https://en.wiktionary.org/wiki/Bergslagit#German
Bertrandit,Bertrandite,https://en.wiktionary.org/wiki/Bertrandit#German
Beryll,Beryl,https://en.wiktionary.org/wiki/Beryll#German
Biotit,Biotite,https://en.wiktionary.org/wiki/Biotit#German
Bischofit,Bischofite,https://en.wiktionary.org/wiki/Bischofit#German
Bittersalz,Epsomite,https://en.wiktionary.org/wiki/Bittersalz#German
Bitterspat,Magnesite,https://en.wiktionary.org/wiki/Bitterspat#German
Bitterspat,Bitter spar,https://en.wiktionary.org/wiki/Bitterspat#German
Bleierz,Galena,https://en.wiktionary.org/wiki/Bleierz#German
Bleiglanz,Galena,https://en.wiktionary.org/wiki/Bleiglanz#German
Bleiglanz,Galenite,https://en.wiktionary.org/wiki/Bleiglanz#German
Blödit,Blödite,https://en.wiktionary.org/wiki/Bl%C3%B6dit#German
Bobierrit,Bobierrite,https://en.wiktionary.org/wiki/Bobierrit#German
Boracit,Boracite,https://en.wiktionary.org/wiki/Boracit#German
Borax,Borax,https://en.wiktionary.org/wiki/Borax#German
Bornit,Bornite,https://en.wiktionary.org/wiki/Bornit#German
Bowieit,Bowieite,https://en.wiktionary.org/wiki/Bowieit#German
Brauneisenstein,Limonite,https://en.wiktionary.org/wiki/Brauneisenstein#German
Braunit,Braunite,https://en.wiktionary.org/wiki/Braunit#German
Braunstein,Pyrolusite,https://en.wiktionary.org/wiki/Braunstein#German
Brucit,Brucite,https://en.wiktionary.org/wiki/Brucit#German
Buntkupferkies,Bornite,https://en.wiktionary.org/wiki/Buntkupferkies#German
Calcit,Calcite,https://en.wiktionary.org/wiki/Calcit#German
Canfieldit,Canfieldite,https://en.wiktionary.org/wiki/Canfieldit#German
Carmeltazit,Carmeltazite,https://en.wiktionary.org/wiki/Carmeltazit#German
Carnallit,Carnallite,https://en.wiktionary.org/wiki/Carnallit#German
Carnotit,Carnotite,https://en.wiktionary.org/wiki/Carnotit#German
Chalcedon,Chalcedony,https://en.wiktionary.org/wiki/Chalcedon#German
Chalkanthit,Chalcanthite,https://en.wiktionary.org/wiki/Chalkanthit#German
Chalkophyllit,Chalcophyllite,https://en.wiktionary.org/wiki/Chalkophyllit#German
Chalkopyrit,Chalcopyrite,https://en.wiktionary.org/wiki/Chalkopyrit#German
Chalkosin,Chalcocite,https://en.wiktionary.org/wiki/Chalkosin#German
Chilesalpeter,Chile saltpetre,https://en.wiktionary.org/wiki/Chilesalpeter#German
Chlorargyrit,Chlorargyrite,https://en.wiktionary.org/wiki/Chlorargyrit#German
Chlorit,Chlorite,https://en.wiktionary.org/wiki/Chlorit#German
Chromeisenstein,Chromite,https://en.wiktionary.org/wiki/Chromeisenstein#German
Chromit,Chromite,https://en.wiktionary.org/wiki/Chromit#German
Chrysoberyll,Chrysoberyl,https://en.wiktionary.org/wiki/Chrysoberyll#German
Chrysopras,Chrysoprase,https://en.wiktionary.org/wiki/Chrysopras#German
Citrin,Citrine,https://en.wiktionary.org/wiki/Citrin#German
Clausthalit,Clausthalite,https://en.wiktionary.org/wiki/Clausthalit#German
Cleveit,Cleveite,https://en.wiktionary.org/wiki/Cleveit#German
Cobaltit,Cobaltite,https://en.wiktionary.org/wiki/Cobaltit#German
Coelestin,Celestine,https://en.wiktionary.org/wiki/Coelestin#German
Coelestin,Celestite,https://en.wiktionary.org/wiki/Coelestin#German
Colemanit,Colemanite,https://en.wiktionary.org/wiki/Colemanit#German
Connellit,Connellite,https://en.wiktionary.org/wiki/Connellit#German
Cornwallit,Cornwallite,https://en.wiktionary.org/wiki/Cornwallit#German
Cupalit,Cupalite,https://en.wiktionary.org/wiki/Cupalit#German
Cuprit,Cuprite,https://en.wiktionary.org/wiki/Cuprit#German
Cyanotrichit,Cyanotrichite,https://en.wiktionary.org/wiki/Cyanotrichit#German
Datolith,Datolite,https://en.wiktionary.org/wiki/Datolith#German
Descloizit,Descloizite,https://en.wiktionary.org/wiki/Descloizit#German
Diamant,Diamond,https://en.wiktionary.org/wiki/Diamant#German
Diamanten,Diamonds,https://en.wiktionary.org/wiki/Diamanten#German
Diaoyudaoit,Diaoyudaoite,https://en.wiktionary.org/wiki/Diaoyudaoit#German
Diopsid,Diopside,https://en.wiktionary.org/wiki/Diopsid#German
Dolomit,Dolomite,https://en.wiktionary.org/wiki/Dolomit#German
Domeykit,Domeykite,https://en.wiktionary.org/wiki/Domeykit#German
Duranusit,Duranusite,https://en.wiktionary.org/wiki/Duranusit#German
Eisengranat,Iron garnet,https://en.wiktionary.org/wiki/Eisengranat#German
Eisenkies,Pyrite,https://en.wiktionary.org/wiki/Eisenkies#German
Eisenspat,Siderite,https://en.wiktionary.org/wiki/Eisenspat#German
Eisstein,Cryolite,https://en.wiktionary.org/wiki/Eisstein#German
Elbait,Elbaite,https://en.wiktionary.org/wiki/Elbait#German
Enargit,Enargite,https://en.wiktionary.org/wiki/Enargit#German
Enstatit,Enstatite,https://en.wiktionary.org/wiki/Enstatit#German
Epidot,Epidote,https://en.wiktionary.org/wiki/Epidot#German
Epsomit,Epsomite,https://en.wiktionary.org/wiki/Epsomit#German
Eudialyt,Eudialyte,https://en.wiktionary.org/wiki/Eudialyt#German
Euklas,Euclase,https://en.wiktionary.org/wiki/Euklas#German
Euxenit,Euxenite,https://en.wiktionary.org/wiki/Euxenit#German
Fayalit,Fayalite,https://en.wiktionary.org/wiki/Fayalit#German
Feldspat,Feldspar,https://en.wiktionary.org/wiki/Feldspat#German
Fichtelit,Fichtelite,https://en.wiktionary.org/wiki/Fichtelit#German
Fizélyit,Fizélyite,https://en.wiktionary.org/wiki/Fiz%C3%A9lyit#German
Fluorapatit,Fluorapatite,https://en.wiktionary.org/wiki/Fluorapatit#German
Fluorit,Fluorite,https://en.wiktionary.org/wiki/Fluorit#German
Flussspat,Fluorspar,https://en.wiktionary.org/wiki/Flussspat#German
Flussspat,Fluorite,https://en.wiktionary.org/wiki/Flussspat#German
Forsterit,Forsterite,https://en.wiktionary.org/wiki/Forsterit#German
Franklinit,Franklinite,https://en.wiktionary.org/wiki/Franklinit#German
Freibergit,Freibergite,https://en.wiktionary.org/wiki/Freibergit#German
Gadolinit,Gadolinite,https://en.wiktionary.org/wiki/Gadolinit#German
Galenit,Galena,https://en.wiktionary.org/wiki/Galenit#German
Gallit,Gallite,https://en.wiktionary.org/wiki/Gallit#German
Galmei,Calamine,https://en.wiktionary.org/wiki/Galmei#German
Gelbbleierz,Yellow galena,https://en.wiktionary.org/wiki/Gelbbleierz#German
Genkinit,Genkinite,https://en.wiktionary.org/wiki/Genkinit#German
Germanit,Germanite,https://en.wiktionary.org/wiki/Germanit#German
Gersdorffit,Gersdorffite,https://en.wiktionary.org/wiki/Gersdorffit#German
Glaukophan,Glaucophane,https://en.wiktionary.org/wiki/Glaukophan#German
Glimmer,Mica,https://en.wiktionary.org/wiki/Glimmer#German
Goethit,Goethite,https://en.wiktionary.org/wiki/Goethit#German
Granat,Garnet,https://en.wiktionary.org/wiki/Granat#German
Graphit,Graphite,https://en.wiktionary.org/wiki/Graphit#German
Greenockit,Greenockite,https://en.wiktionary.org/wiki/Greenockit#German
Grimaldiit,Grimaldiite,https://en.wiktionary.org/wiki/Grimaldiit#German
Grossular,Grossular,https://en.wiktionary.org/wiki/Grossular#German
Halit,Halite,https://en.wiktionary.org/wiki/Halit#German
Halloysit,Halloysite,https://en.wiktionary.org/wiki/Halloysit#German
Hämatit,Haematite,https://en.wiktionary.org/wiki/H%C3%A4matit#German
Hämatit,Hematite,https://en.wiktionary.org/wiki/H%C3%A4matit#German
Hannebachit,Hannebachite,https://en.wiktionary.org/wiki/Hannebachit#German
Hauerit,Hauerite,https://en.wiktionary.org/wiki/Hauerit#German
Haüyn,Hauyne,https://en.wiktionary.org/wiki/Ha%C3%BCyn#German
Haüyn,Haüyne,https://en.wiktionary.org/wiki/Ha%C3%BCyn#German
Haüyn,Hauynite,https://en.wiktionary.org/wiki/Ha%C3%BCyn#German
Hemimorphit,Hemimorphite,https://en.wiktionary.org/wiki/Hemimorphit#German
Hornblende,Hornblende,https://en.wiktionary.org/wiki/Hornblende#German
Hornerz,Horn silver,https://en.wiktionary.org/wiki/Hornerz#German
Hübnerit,Hübnerite,https://en.wiktionary.org/wiki/H%C3%BCbnerit#German
Hydroxylapatit,Hydroxylapatite,https://en.wiktionary.org/wiki/Hydroxylapatit#German
Illit,Illite,https://en.wiktionary.org/wiki/Illit#German
Ilmenit,Ilmenite,https://en.wiktionary.org/wiki/Ilmenit#German
Indit,Indite,https://en.wiktionary.org/wiki/Indit#German
Itabirit,Itabirite,https://en.wiktionary.org/wiki/Itabirit#German
Ixiolit,Ixiolite,https://en.wiktionary.org/wiki/Ixiolit#German
Jadeit,Jadeite,https://en.wiktionary.org/wiki/Jadeit#German
Jaspis,Jasper,https://en.wiktionary.org/wiki/Jaspis#German
Kainit,Kainite,https://en.wiktionary.org/wiki/Kainit#German
Kalifeldspat,Potassium feldspar,https://en.wiktionary.org/wiki/Kalifeldspat#German
Kaliglimmer,Muscovite,https://en.wiktionary.org/wiki/Kaliglimmer#German
Kalkspat,Calcite,https://en.wiktionary.org/wiki/Kalkspat#German
Kalkspat,Calcspar,https://en.wiktionary.org/wiki/Kalkspat#German
Kamacit,Kamacite,https://en.wiktionary.org/wiki/Kamacit#German
Kaolin,Kaolin,https://en.wiktionary.org/wiki/Kaolin#German
Kaolinit,Kaolinite,https://en.wiktionary.org/wiki/Kaolinit#German
Karbonatit,Carbonatite,https://en.wiktionary.org/wiki/Karbonatit#German
Karneol,Carnelian,https://en.wiktionary.org/wiki/Karneol#German
Kassiterit,Cassiterite,https://en.wiktionary.org/wiki/Kassiterit#German
Katoforite,Katophorite,https://en.wiktionary.org/wiki/Katoforite#German
Kermesit,Kermesite,https://en.wiktionary.org/wiki/Kermesit#German
Kernit,Kernite,https://en.wiktionary.org/wiki/Kernit#German
Kieserit,Kieserite,https://en.wiktionary.org/wiki/Kieserit#German
Kimberlit,Kimberlite,https://en.wiktionary.org/wiki/Kimberlit#German
Klinoklas,Clinoclase,https://en.wiktionary.org/wiki/Klinoklas#German
Klinopyroxen,Clinopyroxene,https://en.wiktionary.org/wiki/Klinopyroxen#German
Kobaltglanz,Cobalt glance,https://en.wiktionary.org/wiki/Kobaltglanz#German
Kobaltglanz,Cobaltite,https://en.wiktionary.org/wiki/Kobaltglanz#German
Kolbeckit,Kolbeckite,https://en.wiktionary.org/wiki/Kolbeckit#German
Kongsbergit,Kongsbergite,https://en.wiktionary.org/wiki/Kongsbergit#German
Korund,Corundum,https://en.wiktionary.org/wiki/Korund#German
Krokoit,Crocoite,https://en.wiktionary.org/wiki/Krokoit#German
Krokoit,Crocoisite,https://en.wiktionary.org/wiki/Krokoit#German
Kryolith,Cryolite,https://en.wiktionary.org/wiki/Kryolith#German
Kryolithionit,Cryolithionite,https://en.wiktionary.org/wiki/Kryolithionit#German
Kryolithionit,Kryolithionite,https://en.wiktionary.org/wiki/Kryolithionit#German
Kupferglanz,Chalcocite,https://en.wiktionary.org/wiki/Kupferglanz#German
Kupferkies,Chalcopyrite,https://en.wiktionary.org/wiki/Kupferkies#German
Kupfersilberglanz,Stromeyerite,https://en.wiktionary.org/wiki/Kupfersilberglanz#German
Kupfervitriol,Chalcanthite,https://en.wiktionary.org/wiki/Kupfervitriol#German
Kupfervitriol,Blue vitriol,https://en.wiktionary.org/wiki/Kupfervitriol#German
Kuzelit,Kuzelite,https://en.wiktionary.org/wiki/Kuzelit#German
Kyanit,Kyanite,https://en.wiktionary.org/wiki/Kyanit#German
Lapislazuli,Lapis lazuli,https://en.wiktionary.org/wiki/Lapislazuli#German
Laurit,Laurite,https://en.wiktionary.org/wiki/Laurit#German
Leadhillit,Leadhillite,https://en.wiktionary.org/wiki/Leadhillit#German
Lepidolith,Lepidolite,https://en.wiktionary.org/wiki/Lepidolith#German
Leukoxen,Leucoxene,https://en.wiktionary.org/wiki/Leukoxen#German
Lewisit,Lewisite,https://en.wiktionary.org/wiki/Lewisit#German
Liebigit,Liebigite,https://en.wiktionary.org/wiki/Liebigit#German
Limonit,Limonite,https://en.wiktionary.org/wiki/Limonit#German
Löllingit,Lollingite,https://en.wiktionary.org/wiki/L%C3%B6llingit#German
Lonsdaleit,Lonsdaleite,https://en.wiktionary.org/wiki/Lonsdaleit#German
Loparit,Loparite,https://en.wiktionary.org/wiki/Loparit#German
Maghemit,Maghemite,https://en.wiktionary.org/wiki/Maghemit
Magnesit,Magnesite,https://en.wiktionary.org/wiki/Magnesit
Magneteisenerz,Magnetite,https://en.wiktionary.org/wiki/Magneteisenerz
Magnetit,Magnetite,https://en.wiktionary.org/wiki/Magnetit
Magnetkies,Pyrrhotite,https://en.wiktionary.org/wiki/Magnetkies
Malachit,Malachite,https://en.wiktionary.org/wiki/Malachit
Manganit,Manganite,https://en.wiktionary.org/wiki/Manganit
Margarodit,Margarodite,https://en.wiktionary.org/wiki/Margarodit
Marienglas,Selenite,https://en.wiktionary.org/wiki/Marienglas
Markasit,Marcasite,https://en.wiktionary.org/wiki/Markasit
Melanterit,Melanterite,https://en.wiktionary.org/wiki/Melanterit
Miargyrit,Miargyrite,https://en.wiktionary.org/wiki/Miargyrit
Miassit,Miassite,https://en.wiktionary.org/wiki/Miassit
Milchquarz,Milky quartz,https://en.wiktionary.org/wiki/Milchquarz
Minrecordit,Minrecordite,https://en.wiktionary.org/wiki/Minrecordit
Mitscherlichit,Mitscherlichite,https://en.wiktionary.org/wiki/Mitscherlichit
Moissanit,Moissanite,https://en.wiktionary.org/wiki/Moissanit
Molybdänit,Molybdenite,https://en.wiktionary.org/wiki/Molybd%C3%A4nit
Molybdit,Molybdite,https://en.wiktionary.org/wiki/Molybdit
Monazit,Monazite,https://en.wiktionary.org/wiki/Monazit
Mondstein,Moonstone,https://en.wiktionary.org/wiki/Mondstein
Montmorillonit,Montmorillonite,https://en.wiktionary.org/wiki/Montmorillonit
Moosachat,Moss agate,https://en.wiktionary.org/wiki/Moosachat
Murkstein,Rapakivi,https://en.wiktionary.org/wiki/Murkstein
Muskovit,Muscovite,https://en.wiktionary.org/wiki/Muskovit
Natronfeldspat,Albite,https://en.wiktionary.org/wiki/Natronfeldspat
Natronsalpeter,Soda niter,https://en.wiktionary.org/wiki/Natronsalpeter
Naumannit,Naumannite,https://en.wiktionary.org/wiki/Naumannit
Nephrit,Nephrite,https://en.wiktionary.org/wiki/Nephrit
Nickelarsenkies,Gersdorffite,https://en.wiktionary.org/wiki/Nickelarsenkies
Nickelin,Nickeline,https://en.wiktionary.org/wiki/Nickelin
Niobit,Niobite,https://en.wiktionary.org/wiki/Niobit
Nosean,Nosean,https://en.wiktionary.org/wiki/Nosean
Nosean,Noselite,https://en.wiktionary.org/wiki/Nosean
Oligoklas,Oligoclase,https://en.wiktionary.org/wiki/Oligoklas
Olivin,Olivine,https://en.wiktionary.org/wiki/Olivin
Olmsteadit,Olmsteadite,https://en.wiktionary.org/wiki/Olmsteadit
Onyx,Onyx,https://en.wiktionary.org/wiki/Onyx
Orthoklas,Orthoclase,https://en.wiktionary.org/wiki/Orthoklas
Orthopyroxen,Orthopyroxene,https://en.wiktionary.org/wiki/Orthopyroxen
Otavit,Otavite,https://en.wiktionary.org/wiki/Otavit
Patronit,Patronite,https://en.wiktionary.org/wiki/Patronit
Periklas,Periclase,https://en.wiktionary.org/wiki/Periklas
Perowskit,Perovskite,https://en.wiktionary.org/wiki/Perowskit
Petalit,Petalite,https://en.wiktionary.org/wiki/Petalit
Phenakit,Phenakite,https://en.wiktionary.org/wiki/Phenakit
Phlogopit,Phlogopite,https://en.wiktionary.org/wiki/Phlogopit
Polyhalit,Polyhalite,https://en.wiktionary.org/wiki/Polyhalit
Prehnit,Prehnite,https://en.wiktionary.org/wiki/Prehnit
Proustit,Proustite,https://en.wiktionary.org/wiki/Proustit
Pumpellyit,Pumpellyite,https://en.wiktionary.org/wiki/Pumpellyit
Pyrargyrit,Pyrargyrite,https://en.wiktionary.org/wiki/Pyrargyrit
Pyrit,Pyrite,https://en.wiktionary.org/wiki/Pyrit
Pyrochlor,Pyrochlore,https://en.wiktionary.org/wiki/Pyrochlor
Pyrolusit,Pyrolusite,https://en.wiktionary.org/wiki/Pyrolusit
Pyrop,Pyrope,https://en.wiktionary.org/wiki/Pyrop
Pyroxen,Pyroxene,https://en.wiktionary.org/wiki/Pyroxen
Pyrrhotin,Pyrrhotine,https://en.wiktionary.org/wiki/Pyrrhotin
Pyrrhotin,Pyrrhotite,https://en.wiktionary.org/wiki/Pyrrhotin
Quarzit,Quartzite,https://en.wiktionary.org/wiki/Quarzit
Rammelsbergit,Rammelsbergite,https://en.wiktionary.org/wiki/Rammelsbergit
Ramsbeckit,Ramsbeckite,https://en.wiktionary.org/wiki/Ramsbeckit
Rauchquarz,Smoky quartz,https://en.wiktionary.org/wiki/Rauchquarz
Rauchquarz,Cairngormstone,https://en.wiktionary.org/wiki/Rauchquarz
Rauschgelb,Orpiment,https://en.wiktionary.org/wiki/Rauschgelb
Rauschrot,Realgar,https://en.wiktionary.org/wiki/Rauschrot
Realgar,Realgar,https://en.wiktionary.org/wiki/Realgar
Rhodochrosit,Rhodochrosite,https://en.wiktionary.org/wiki/Rhodochrosit
Rhodonit,Rhodonite,https://en.wiktionary.org/wiki/Rhodonit
Roquesit,Roquesite,https://en.wiktionary.org/wiki/Roquesit
Rosenquarz,Rose quartz,https://en.wiktionary.org/wiki/Rosenquarz
Rosickyit,Rosickyite,https://en.wiktionary.org/wiki/Rosickyit
Rotbleierz,Crocoite,https://en.wiktionary.org/wiki/Rotbleierz
Rotgültigerz,Proustite,https://en.wiktionary.org/wiki/Rotg%C3%BCltigerz
Rotgültigerz,Pyrargyrite,https://en.wiktionary.org/wiki/Rotg%C3%BCltigerz
Rotzinkerz,Zincite,https://en.wiktionary.org/wiki/Rotzinkerz
Rubiklin,Rubicline,https://en.wiktionary.org/wiki/Rubiklin
Rubin,Ruby,https://en.wiktionary.org/wiki/Rubin
Rubine,Rubies,https://en.wiktionary.org/wiki/Rubine
Rutheniridosmin,Rutheniridosmine,https://en.wiktionary.org/wiki/Rutheniridosmin
Rutil,Rutile,https://en.wiktionary.org/wiki/Rutil
Salzgestein,Halite,https://en.wiktionary.org/wiki/Salzgestein
Samarskit,Samarskite,https://en.wiktionary.org/wiki/Samarskit
Sardonyx,Sardonyx,https://en.wiktionary.org/wiki/Sardonyx
Scheelit,Scheelite,https://en.wiktionary.org/wiki/Scheelit
Schlangenstein,Serpentine,https://en.wiktionary.org/wiki/Schlangenstein
Schönit,Schönite,https://en.wiktionary.org/wiki/Sch%C3%B6nit
Schörl,Schorl,https://en.wiktionary.org/wiki/Sch%C3%B6rl
Schützit,Celestine,https://en.wiktionary.org/wiki/Sch%C3%BCtzit
Schwarzkupfer,Black copper,https://en.wiktionary.org/wiki/Schwarzkupfer
Schwerspat,Barite,https://en.wiktionary.org/wiki/Schwerspat
Schwerspat,Baryte,https://en.wiktionary.org/wiki/Schwerspat
Schwertmannit,Schwertmannite,https://en.wiktionary.org/wiki/Schwertmannit
Seifenstein,Saponite,https://en.wiktionary.org/wiki/Seifenstein
Seifenstein,Soapstone,https://en.wiktionary.org/wiki/Seifenstein
Selenit,Selenite,https://en.wiktionary.org/wiki/Selenit
Sellait,Sellaite,https://en.wiktionary.org/wiki/Sellait
Sepiolith,Sepiolite,https://en.wiktionary.org/wiki/Sepiolith
Serpentin,Serpentine,https://en.wiktionary.org/wiki/Serpentin
Siderit,Siderite,https://en.wiktionary.org/wiki/Siderit
Silberantimonglanz,Miargyrite,https://en.wiktionary.org/wiki/Silberantimonglanz
Silberglanz,Argentite,https://en.wiktionary.org/wiki/Silberglanz
Silberglanz,Acanthite,https://en.wiktionary.org/wiki/Silberglanz
Silberhornerz,Chlorargyrite,https://en.wiktionary.org/wiki/Silberhornerz
Silberkupferglanz,Stromeyerite,https://en.wiktionary.org/wiki/Silberkupferglanz
Sillimanit,Sillimanite,https://en.wiktionary.org/wiki/Sillimanit
Skutterudit,Skutterudite,https://en.wiktionary.org/wiki/Skutterudit
Smaragd,Emerald,https://en.wiktionary.org/wiki/Smaragd
Smektit,Smectite,https://en.wiktionary.org/wiki/Smektit
Smithsonit,Smithsonite,https://en.wiktionary.org/wiki/Smithsonit
Sodalith,Sodalite,https://en.wiktionary.org/wiki/Sodalith
Söhngeit,Söhngeite,https://en.wiktionary.org/wiki/S%C3%B6hngeit
Sperrylith,Sperrylite,https://en.wiktionary.org/wiki/Sperrylith
Spessartin,Spessartine,https://en.wiktionary.org/wiki/Spessartin
Sphalerit,Sphalerite,https://en.wiktionary.org/wiki/Sphalerit
Sphen,Sphene,https://en.wiktionary.org/wiki/Sphen
Spinell,Spinel,https://en.wiktionary.org/wiki/Spinell
Spodumen,Spodumene,https://en.wiktionary.org/wiki/Spodumen
Stannit,Stannite,https://en.wiktionary.org/wiki/Stannit
Steinkohle,Glance coal,https://en.wiktionary.org/wiki/Steinkohle
Stishovit,Stishovite,https://en.wiktionary.org/wiki/Stishovit
Strahlstein,Actinolite,https://en.wiktionary.org/wiki/Strahlstein
Stromeyerit,Stromeyerite,https://en.wiktionary.org/wiki/Stromeyerit
Strontianit,Strontianite,https://en.wiktionary.org/wiki/Strontianit
Syenit,Syenite,https://en.wiktionary.org/wiki/Syenit
Sylvin,Sylvite,https://en.wiktionary.org/wiki/Sylvin
Sylvinit,Sylvinite,https://en.wiktionary.org/wiki/Sylvinit
Taenit,Taenite,https://en.wiktionary.org/wiki/Taenit
Takonit,Taconite,https://en.wiktionary.org/wiki/Takonit
Talk,Talc,https://en.wiktionary.org/wiki/Talk
Tansanit,Tanzanite,https://en.wiktionary.org/wiki/Tansanit
Tantalit,Tantalite,https://en.wiktionary.org/wiki/Tantalit
Tenorit,Tenorite,https://en.wiktionary.org/wiki/Tenorit
Thortveitit,Thortveitite,https://en.wiktionary.org/wiki/Thortveitit
Tigerauge,Tiger's eye,https://en.wiktionary.org/wiki/Tigerauge
Titanit,Titanite,https://en.wiktionary.org/wiki/Titanit
Topas,Topaz,https://en.wiktionary.org/wiki/Topas
Tremolit,Tremolite,https://en.wiktionary.org/wiki/Tremolit
Triphylin,Triphyline,https://en.wiktionary.org/wiki/Triphylin
Tsumebit,Tsumebite,https://en.wiktionary.org/wiki/Tsumebit
Tsumgallit,Tsumgallite,https://en.wiktionary.org/wiki/Tsumgallit
Turmalin,Tourmaline,https://en.wiktionary.org/wiki/Turmalin
Tychit,Tychite,https://en.wiktionary.org/wiki/Tychit
Ulexit,Ulexite,https://en.wiktionary.org/wiki/Ulexit
Uraninit,Uraninite,https://en.wiktionary.org/wiki/Uraninit
Vanadinit,Vanadinite,https://en.wiktionary.org/wiki/Vanadinit
Väyrynenit,Väyrynenite,https://en.wiktionary.org/wiki/V%C3%A4yrynenit
Vermiculit,Vermiculite,https://en.wiktionary.org/wiki/Vermiculit
Villamaninit,Villamaninite,https://en.wiktionary.org/wiki/Villamaninit
Vivianit,Vivianite,https://en.wiktionary.org/wiki/Vivianit
Wavellit,Wavellite,https://en.wiktionary.org/wiki/Wavellit
Whitneyit,Whitneyite,https://en.wiktionary.org/wiki/Whitneyit
Witherit,Witherite,https://en.wiktionary.org/wiki/Witherit
Wolframit,Wolframite,https://en.wiktionary.org/wiki/Wolframit
Wulfenit,Wulfenite,https://en.wiktionary.org/wiki/Wulfenit
Wurtzit,Wurtzite,https://en.wiktionary.org/wiki/Wurtzit
Wüstit,Wüstite,https://en.wiktionary.org/wiki/W%C3%BCstit
Xenotim,Xenotime,https://en.wiktionary.org/wiki/Xenotim
Ytterbit,Ytterbite,https://en.wiktionary.org/wiki/Ytterbit
Yttererde,Yttria,https://en.wiktionary.org/wiki/Yttererde
Yttrium-Eisengranat,Yttrium iron garnet,https://en.wiktionary.org/wiki/Yttrium-Eisengranat
Zeolith,Zeolite,https://en.wiktionary.org/wiki/Zeolith
Zinkblende,Sphalerite,https://en.wiktionary.org/wiki/Zinkblende
Zinkblende,Zincblende,https://en.wiktionary.org/wiki/Zinkblende
Zinkit,Zincite,https://en.wiktionary.org/wiki/Zinkit
Zinkspat,Smithsonite,https://en.wiktionary.org/wiki/Zinkspat
Zinnober,Cinnabar,https://en.wiktionary.org/wiki/Zinnober
Zinnstein,Cassiterite,https://en.wiktionary.org/wiki/Zinnstein
Zinnwaldit,Zinnwaldite,https://en.wiktionary.org/wiki/Zinnwaldit
Zirkon,Zircon,https://en.wiktionary.org/wiki/Zirkon
