fr_mineral_name,en_mineral_name,wikidata_uri
abelsonite,Abelsonite,https://en.wiktionary.org/wiki/abelsonite#French
acanthite,Acanthite,https://en.wiktionary.org/wiki/acanthite#French
acapulcoïte,Acapulcoite,https://en.wiktionary.org/wiki/acapulco%C3%AFte#French
acmite,Aegirine,https://en.wiktionary.org/wiki/acmite#French
actinolite,Actinolite,https://en.wiktionary.org/wiki/actinolite#French
actinote,Actinolite,https://en.wiktionary.org/wiki/actinote#French
adamite,Adamite,https://en.wiktionary.org/wiki/adamite#French
adulaire,Adularia,https://en.wiktionary.org/wiki/adulaire#French
aegirine,Aegirine,https://en.wiktionary.org/wiki/aegirine#French
agate,Agate,https://en.wiktionary.org/wiki/agate#French
alabandine,Alabandite,https://en.wiktionary.org/wiki/alabandine#French
albite,Albite,https://en.wiktionary.org/wiki/albite#French
allémontite,Allemontite,https://en.wiktionary.org/wiki/all%C3%A9montite#French
alunite,Alunite,https://en.wiktionary.org/wiki/alunite#French
amazonite,Amazonite,https://en.wiktionary.org/wiki/amazonite#French
amétrine,Ametrine,https://en.wiktionary.org/wiki/am%C3%A9trine#French
amphibole,Amphibole,https://en.wiktionary.org/wiki/amphibole#French
anatase,Anatase,https://en.wiktionary.org/wiki/anatase#French
andalousite,Andalusite,https://en.wiktionary.org/wiki/andalousite#French
anglésite,Anglesite,https://en.wiktionary.org/wiki/angl%C3%A9site#French
anhydrite,Anhydrite,https://en.wiktionary.org/wiki/anhydrite#French
ankérite,Ankerite,https://en.wiktionary.org/wiki/ank%C3%A9rite#French
aragonite,Aragonite,https://en.wiktionary.org/wiki/aragonite#French
arénite,Arenite,https://en.wiktionary.org/wiki/ar%C3%A9nite#French
argentite,Argentite,https://en.wiktionary.org/wiki/argentite#French
argyride,,https://en.wiktionary.org/wiki/argyride#French
argyrite,Argentite,https://en.wiktionary.org/wiki/argyrite#French
argyrose,Acanthite,https://en.wiktionary.org/wiki/argyrose#French
augite,Augite,https://en.wiktionary.org/wiki/augite#French
azurite,Azurite,https://en.wiktionary.org/wiki/azurite#French
baryte,Barite,https://en.wiktionary.org/wiki/baryte#French
basalte,Basalt,https://en.wiktionary.org/wiki/basalte#French
bentonite,Bentonite,https://en.wiktionary.org/wiki/bentonite#French
berthiérite,Berthierite,https://en.wiktionary.org/wiki/berthi%C3%A9rite#French
bertrandite,Bertrandite,https://en.wiktionary.org/wiki/bertrandite#French
biotite,Biotite,https://en.wiktionary.org/wiki/biotite#French
bismuthine,Bismuthinite,https://en.wiktionary.org/wiki/bismuthine#French
blende,Blende,https://en.wiktionary.org/wiki/blende#French
boromagnésite,Boromagnesite,https://en.wiktionary.org/wiki/boromagn%C3%A9site#French
calcédoine,Chalcedony,https://en.wiktionary.org/wiki/calc%C3%A9doine#French
calcite,Calcite,https://en.wiktionary.org/wiki/calcite#French
carmeltazite,Carmeltazite,https://en.wiktionary.org/wiki/carmeltazite#French
cassitérite,Cassiterite,https://en.wiktionary.org/wiki/cassit%C3%A9rite#French
célestine,Celestine,https://en.wiktionary.org/wiki/c%C3%A9lestine#French
célite,Diatomite,https://en.wiktionary.org/wiki/c%C3%A9lite#French
cérusite,Cerussite,https://en.wiktionary.org/wiki/c%C3%A9rusite#French
chalcantite,Chalcanthite,https://en.wiktionary.org/wiki/chalcantite#French
chalcosine,Chalcocite,https://en.wiktionary.org/wiki/chalcosine#French
chlorargyrite,Chlorargyrite,https://en.wiktionary.org/wiki/chlorargyrite#French
chlorite,Chlorite,https://en.wiktionary.org/wiki/chlorite#French
chromite,Chromite,https://en.wiktionary.org/wiki/chromite#French
chrysobéryl,Chrysoberyl,https://en.wiktionary.org/wiki/chrysob%C3%A9ryl#French
cinabre,Cinnabar,https://en.wiktionary.org/wiki/cinabre#French
clévéite,Cleveite,https://en.wiktionary.org/wiki/cl%C3%A9v%C3%A9ite#French
clinopyroxène,Clinopyroxene,https://en.wiktionary.org/wiki/clinopyrox%C3%A8ne#French
cobaltide,Asbolane,https://en.wiktionary.org/wiki/cobaltide#French
colémanite,Colemanite,https://en.wiktionary.org/wiki/col%C3%A9manite#French
colombite,Columbite,https://en.wiktionary.org/wiki/colombite#French
columbite,Columbite,https://en.wiktionary.org/wiki/columbite#French
coopérite,Cooperite,https://en.wiktionary.org/wiki/coop%C3%A9rite#French
corindon,Corundum,https://en.wiktionary.org/wiki/corindon#French
covelline,Covellite,https://en.wiktionary.org/wiki/covelline#French
crocoïte,Crocoite,https://en.wiktionary.org/wiki/croco%C3%AFte#French
cryolithe,Cryolite,https://en.wiktionary.org/wiki/cryolithe#French
cummingtonite,Cummingtonite,https://en.wiktionary.org/wiki/cummingtonite#French
cuprite,Cuprite,https://en.wiktionary.org/wiki/cuprite#French
cymophane,Cymophane,https://en.wiktionary.org/wiki/cymophane#French
cyprine,,https://en.wiktionary.org/wiki/cyprine#French
datolite,Datolite,https://en.wiktionary.org/wiki/datolite#French
diamant,Diamond,https://en.wiktionary.org/wiki/diamant#French
diogénite,Diogenite,https://en.wiktionary.org/wiki/diog%C3%A9nite#French
diopside,Diopside,https://en.wiktionary.org/wiki/diopside#French
dioptase,Dioptase,https://en.wiktionary.org/wiki/dioptase#French
disthène,Kyanite,https://en.wiktionary.org/wiki/disth%C3%A8ne#French
dolomite,Dolomite,https://en.wiktionary.org/wiki/dolomite#French
écume de mer,Meerschaum,https://en.wiktionary.org/wiki/%C3%A9cume_de_mer#French
elbaïte,Elbaite,https://en.wiktionary.org/wiki/elba%C3%AFte#French
émeri,Emery,https://en.wiktionary.org/wiki/%C3%A9meri#French
enstatite,Enstatite,https://en.wiktionary.org/wiki/enstatite#French
épidote,Epidote,https://en.wiktionary.org/wiki/%C3%A9pidote#French
épistilbite,Epistilbite,https://en.wiktionary.org/wiki/%C3%A9pistilbite#French
érythrine,Erythrite,https://en.wiktionary.org/wiki/%C3%A9rythrine#French
euxénite,Euxenite,https://en.wiktionary.org/wiki/eux%C3%A9nite#French
faujasite,Faujasite,https://en.wiktionary.org/wiki/faujasite#French
fayalite,Fayalite,https://en.wiktionary.org/wiki/fayalite#French
ferbérite,Ferberite,https://en.wiktionary.org/wiki/ferb%C3%A9rite#French
forstérite,Forsterite,https://en.wiktionary.org/wiki/forst%C3%A9rite#French
galactite,Galactite,https://en.wiktionary.org/wiki/galactite#French
garniérite,Garnierite,https://en.wiktionary.org/wiki/garni%C3%A9rite#French
gibbsite,Gibbsite,https://en.wiktionary.org/wiki/gibbsite#French
glaucophane,Glaucophane,https://en.wiktionary.org/wiki/glaucophane#French
goethite,Goethite,https://en.wiktionary.org/wiki/goethite#French
grossulaire,Grossular,https://en.wiktionary.org/wiki/grossulaire#French
halloysite,Halloysite,https://en.wiktionary.org/wiki/halloysite#French
hartite,Hartite,https://en.wiktionary.org/wiki/hartite#French
haüynite,Haüynite,https://en.wiktionary.org/wiki/ha%C3%BCynite#French
hématite,Haematite,https://en.wiktionary.org/wiki/h%C3%A9matite#French
hémimorphite,Hemimorphite,https://en.wiktionary.org/wiki/h%C3%A9mimorphite#French
hexaédrite,Hexahedrite,https://en.wiktionary.org/wiki/hexa%C3%A9drite#French
hornblende,Hornblende,https://en.wiktionary.org/wiki/hornblende#French
hübnérite,Hübnerite,https://en.wiktionary.org/wiki/h%C3%BCbn%C3%A9rite#French
hydrolite,Geyserite,https://en.wiktionary.org/wiki/hydrolite#French
hydrolithe,Geyserite,https://en.wiktionary.org/wiki/hydrolithe#French
illite,Illite,https://en.wiktionary.org/wiki/illite#French
ilménite,Ilmenite,https://en.wiktionary.org/wiki/ilm%C3%A9nite#French
jachimovite,Jachymovite,https://en.wiktionary.org/wiki/jachimovite#French
jadéite,Jadeite,https://en.wiktionary.org/wiki/jad%C3%A9ite#French
kaïnite,Kainite,https://en.wiktionary.org/wiki/ka%C3%AFnite#French
kaolinite,Kaolinite,https://en.wiktionary.org/wiki/kaolinite#French
larimar,Larimar,https://en.wiktionary.org/wiki/larimar#French
lépidolite,Lepidolite,https://en.wiktionary.org/wiki/l%C3%A9pidolite#French
leucite,Leucite,https://en.wiktionary.org/wiki/leucite#French
marcassite,Marcasite,https://en.wiktionary.org/wiki/marcassite#French
mégabasite,Wolframite,https://en.wiktionary.org/wiki/m%C3%A9gabasite#French
mélantérite,Melanterite,https://en.wiktionary.org/wiki/m%C3%A9lant%C3%A9rite#French
mellite,,https://en.wiktionary.org/wiki/mellite#French
mica,Mica,https://en.wiktionary.org/wiki/mica#French
minette,Female,https://en.wiktionary.org/wiki/minette#French
monophane,Epistilbite,https://en.wiktionary.org/wiki/monophane#French
montmorillonite,Montmorillonite,https://en.wiktionary.org/wiki/montmorillonite#French
morion,Morion,https://en.wiktionary.org/wiki/morion#French
muscovite,Muscovite,https://en.wiktionary.org/wiki/muscovite#French
natrolite,Natrolite,https://en.wiktionary.org/wiki/natrolite#French
néphrite,Nephrite,https://en.wiktionary.org/wiki/n%C3%A9phrite#French
nickéline,Nickeline,https://en.wiktionary.org/wiki/nick%C3%A9line#French
norséthite,Norsethite,https://en.wiktionary.org/wiki/nors%C3%A9thite#French
octaédrite,Octahedrite,https://en.wiktionary.org/wiki/octa%C3%A9drite#French
orthopyroxène,Orthopyroxene,https://en.wiktionary.org/wiki/orthopyrox%C3%A8ne#French
paraedrite,Rutile,https://en.wiktionary.org/wiki/paraedrite#French
paralaurionite,Paralaurionite,https://en.wiktionary.org/wiki/paralaurionite#French
partschinite,Spessartine,https://en.wiktionary.org/wiki/partschinite#French
pearcéite,Pearceite,https://en.wiktionary.org/wiki/pearc%C3%A9ite#French
périclase,Periclase,https://en.wiktionary.org/wiki/p%C3%A9riclase#French
pérovskite,Perovskite,https://en.wiktionary.org/wiki/p%C3%A9rovskite#French
phénakite,Phenakite,https://en.wiktionary.org/wiki/ph%C3%A9nakite#French
phlogopite,Phlogopite,https://en.wiktionary.org/wiki/phlogopite#French
pholérite,Pholerite,https://en.wiktionary.org/wiki/phol%C3%A9rite#French
piémontite,Piemontite,https://en.wiktionary.org/wiki/pi%C3%A9montite#French
polyadelphine,Polyadelphite,https://en.wiktionary.org/wiki/polyadelphine#French
polyhydrite,Polyhydrite,https://en.wiktionary.org/wiki/polyhydrite#French
polytélite,Polytelite,https://en.wiktionary.org/wiki/polyt%C3%A9lite#French
pyrargyrite,Pyrargyrite,https://en.wiktionary.org/wiki/pyrargyrite#French
pyrochlore,Pyrochlore,https://en.wiktionary.org/wiki/pyrochlore#French
pyrolusite,Pyrolusite,https://en.wiktionary.org/wiki/pyrolusite#French
pyrope,Pyrope,https://en.wiktionary.org/wiki/pyrope#French
rhodochrosite,Rhodochrosite,https://en.wiktionary.org/wiki/rhodochrosite#French
rhodonite,Rhodonite,https://en.wiktionary.org/wiki/rhodonite#French
rutile,Rutile,https://en.wiktionary.org/wiki/rutile#French
saphirine,Sapphirine,https://en.wiktionary.org/wiki/saphirine#French
scheelite,Scheelite,https://en.wiktionary.org/wiki/scheelite#French
sépiolite,Sepiolite,https://en.wiktionary.org/wiki/s%C3%A9piolite#French
sillimanite,Sillimanite,https://en.wiktionary.org/wiki/sillimanite#French
smectite,Smectite,https://en.wiktionary.org/wiki/smectite#French
smithsonite,Smithsonite,https://en.wiktionary.org/wiki/smithsonite#French
spessartine,Spessartine,https://en.wiktionary.org/wiki/spessartine#French
spessartite,Spessartine,https://en.wiktionary.org/wiki/spessartite#French
sphalérite,Sphalerite,https://en.wiktionary.org/wiki/sphal%C3%A9rite#French
spinelle,Spinel,https://en.wiktionary.org/wiki/spinelle#French
spodumène,Spodumene,https://en.wiktionary.org/wiki/spodum%C3%A8ne#French
stannite,Stannite,https://en.wiktionary.org/wiki/stannite#French
stéatite,Steatite,https://en.wiktionary.org/wiki/st%C3%A9atite#French
stishovite,Stishovite,https://en.wiktionary.org/wiki/stishovite#French
strontianite,Strontianite,https://en.wiktionary.org/wiki/strontianite#French
sylvine,Sylvite,https://en.wiktionary.org/wiki/sylvine#French
taénite,Taenite,https://en.wiktionary.org/wiki/ta%C3%A9nite#French
talc,Talc,https://en.wiktionary.org/wiki/talc#French
tétradymite,Tetradymite,https://en.wiktionary.org/wiki/t%C3%A9tradymite#French
tétraédrite,Tetrahedrite,https://en.wiktionary.org/wiki/t%C3%A9tra%C3%A9drite#French
titanite,Titanite,https://en.wiktionary.org/wiki/titanite#French
titanomagnétite,Titanomagnetite,https://en.wiktionary.org/wiki/titanomagn%C3%A9tite#French
trémolite,Tremolite,https://en.wiktionary.org/wiki/tr%C3%A9molite#French
trichite,Trichite,https://en.wiktionary.org/wiki/trichite#French
tungsténite,Tungstenite,https://en.wiktionary.org/wiki/tungst%C3%A9nite#French
uvarovite,Uvarovite,https://en.wiktionary.org/wiki/uvarovite#French
vermiculite,Vermiculite,https://en.wiktionary.org/wiki/vermiculite#French
wolframite,Wolframite,https://en.wiktionary.org/wiki/wolframite#French
wollastonite,Wollastonite,https://en.wiktionary.org/wiki/wollastonite#French
wulfénite,Wulfenite,https://en.wiktionary.org/wiki/wulf%C3%A9nite#French
wustite,Wüstite,https://en.wiktionary.org/wiki/wustite#French
xanthopyrite,Pyrite,https://en.wiktionary.org/wiki/xanthopyrite#French
xanthotitane,Anatase,https://en.wiktionary.org/wiki/xanthotitane#French
xaphyllite,Tetradymite,https://en.wiktionary.org/wiki/xaphyllite#French
xiphonite,Xiphonite,https://en.wiktionary.org/wiki/xiphonite#French
xylocryptite,,https://en.wiktionary.org/wiki/xylocryptite#French
yanthosiderite,Goethite,https://en.wiktionary.org/wiki/yanthosiderite#French
yarroshite,Melanterite,https://en.wiktionary.org/wiki/yarroshite#French
yolithe,Cordierite,https://en.wiktionary.org/wiki/yolithe#French
yttrofluorite,Yttrofluorite,https://en.wiktionary.org/wiki/yttrofluorite#French
zeuxite,,https://en.wiktionary.org/wiki/zeuxite#French
ziguéline,Cuprite,https://en.wiktionary.org/wiki/zigu%C3%A9line#French
zillerthite,Actinolite,https://en.wiktionary.org/wiki/zillerthite#French
zinc-blende,Zincblende,https://en.wiktionary.org/wiki/zinc-blende#French
zinckénite,Zinckenite,https://en.wiktionary.org/wiki/zinck%C3%A9nite#French
zincosite,,https://en.wiktionary.org/wiki/zincosite#French
zinnspat,Cassiterite,https://en.wiktionary.org/wiki/zinnspat#French
zippéite,Zippeite,https://en.wiktionary.org/wiki/zipp%C3%A9ite#French
zircolite,Corundum,https://en.wiktionary.org/wiki/zircolite#French
zircon,Zircon,https://en.wiktionary.org/wiki/zircon#French
zirlite,Gibbsite,https://en.wiktionary.org/wiki/zirlite#French
zoïsite,Zoisite,https://en.wiktionary.org/wiki/zo%C3%AFsite#French
zoroche,,https://en.wiktionary.org/wiki/zoroche#French
zurlite,Wollastonite,https://en.wiktionary.org/wiki/zurlite#French
zurlonite,Wollastonite,https://en.wiktionary.org/wiki/zurlonite#French
zvyagintsévite,Zvyagintsevite,https://en.wiktionary.org/wiki/zvyagints%C3%A9vite#French
æschynite,Aeschynite,https://en.wiktionary.org/wiki/%C3%A6schynite#French
œil-de-tigre,Tiger's eye,https://en.wiktionary.org/wiki/%C5%93il-de-tigre#French
