"name","name_type","name_subtype","variety_of_name"
"""Herkimer-style"" Quartz",Variety,,Quartz
"""Kashmir"" Sapphire",Variety,,Sapphire
"(Nb,Fe)-substituted anatase",Variety,,Anatase
Absite,Variety,,Brannerite
Acarbodavyne,Variety,,Davyne
Achroite,Variety,,Tourmaline
Adamantine Spar,Variety,,Corundum
Adamsite,Variety,,Muscovite
Adlerstein,Variety,,Bean Ore
Adularia,Variety,,K Feldspar
Aeroides,Variety,,Beryl
Agaphite,Variety,,Turquoise
Agate,Variety,,Chalcedony
Agate-Jasper,Variety,,Agate
Agathacopalite,Variety,,Copal
Agatized coral,Variety,,Agate
Aglaurite,Variety,,Orthoclase
Ainalite,Variety,,Cassiterite
Al-Antigorite,Variety,,Antigorite
Al-illite-hydromica,Variety,,Illite
Al-lizardite,Variety,,Lizardite
Al-pyroxene,Variety,,Pyroxene Group
Alabaster,Variety,,Gypsum
Albertite,Variety,,Bitumen
Albite Moonstone,Variety,,Peristerite
Aldanite,Variety,,Thorianite
Alexandrite,Variety,,Chrysoberyl
Algerite,Variety,,Meionite
Alkali-beryl,Variety,,Beryl
Alkali-femaghastingsite,Variety,,Hastingsite
Alkali-ferrohastingsite,Variety,,Hastingsite
Alkali-oxyapatite,Variety,,Hydroxylapatite
Alkali-spinel,Variety,,Spinel
Alladinite,Variety,,Jasper
Allanite-Epidote,Variety,,Epidote
Allophane-evansite,Variety,,Allophane
Almandine Spinel,Variety,,Spinel
Almashite,Variety,,Amber
Alpha-Wiikite,Variety,,Wiikite
Aluminian Britholite,Variety,,Britholite-(Ce)
Aluminian Chromite,Variety,,Chromite
Aluminian Chrysocolla,Variety,,Chrysocolla
Aluminian Chrysotile,Variety,,Chrysotile
Aluminian Ferrian Chrysocolla,Variety,,Chrysocolla
Aluminian Ferroanthophyllite,Variety,,Ferro-anthophyllite
Aluminian Hisingerite,Variety,,Hisingerite
Aluminian nontronite,Variety,,Nontronite
Aluminian Scorodite,Variety,,Scorodite
Aluminian Strengite,Variety,,Strengite
Aluminium Montmorillonite,Variety,,Beidellite
Aluminium Spinel,Variety,,Spinel
Aluminium-bearing Adamite,Variety,,Adamite
Aluminium-glauconite,Variety,,Glauconite
Aluminium-saponite,Variety,,Saponite
Aluminium-sepiolite,Variety,,Sepiolite
Aluminobetafite (of Kawai),Variety,,Pyrochlore Group
Aluminous Coquimbite,Variety,,Coquimbite
Aluminous Magnetite,Variety,,Magnetite
Aluminum Tosudite,Variety,,Tosudite
Alumo-aeschynite,Variety,,Aeschynite
Alumo-chalcosiderite,Variety,,Chalcosiderite
Alumo-chrompicotite,Variety,,Picrochromite
Alumoberezovite,Variety,,Chromite
Alumocalcite,Variety,,Opal
Alumodeweylite,Variety,,Montmorillonite
Alumogoethite,Variety,,Goethite
Alumohematite,Variety,,Hematite
Alumolimonite,Variety,,Limonite
Alumoludwigite,Variety,,Ludwigite
Alumolyndochite,Variety,,Aeschynite-(Ce)
Alumomaghemite,Variety,,Maghemite
Alumomelanocerite,Variety,,Melanocerite-(Ce)
Alumospencite,Variety,,Tritomite-(Y)
Alundum,Variety,,Corundum
Alurgite,Variety,,Muscovite
Alushtite,Variety,,Tosudite
Alvite,Variety,,Zircon
Amarillo Stone,Variety,,Chalcedony
Amatite,Variety,,Opal
Amazonite,Variety,,Microcline
Amber Opal,Variety,,Opal
Amberine,Variety,,Chalcedony
Ambrite,Variety,,Retinite
Ambrosine,Variety,,Amber
Améthiste Basaltine (of Egleston),Variety,,Beryl
Améthiste Basaltine (of Sage),Variety,,Apatite
Amethyst,Variety,,Quartz
Ametrine,Variety,,Quartz
Ammersooite,Variety,,Illite
Ammolite,Variety,,Aragonite
Ammonian Metavoltine,Variety,,Metavoltine
Ammonium-Aphthitalite,Variety,,Aphthitalite
amorphous graphite,Variety,,Graphite
Amosite,Variety,,Grunerite
Analbite (of Winchell),Variety,,Anorthoclase
Andara,Variety,,Glass
Andean Opal,Variety,,Opal
Andenopal,Variety,,Opal
Andes Jade,Variety,,Antigorite
Andesine,Variety,,Albite
Angelite,Variety,,Anhydrite
Angels Wing Calcite,Variety,,Calcite
Angleso-barite,Variety,,Baryte
Annivite,Variety,,Tennantite Subgroup
Anomite,Variety,,Biotite
Anophorite,Variety,,Magnesio-arfvedsonite
Anorthoclase,Variety,,Albite
Anorthoclase-Sanidine,Variety,,Anorthoclase
Antimonial Silver,Variety,,Silver
Antimony-bearing Bismuth,Variety,,Bismuth
Antimony-bearing Bismuthinite,Variety,,Bismuthinite
Antimony-bearing Claudetite,Variety,,Claudetite
Antimony-bearing Cosalite,Variety,,Cosalite
Antimony-bearing Kobellite,Variety,,Kobellite
Antimony-bearing Silver,Variety,,Silver
Antimony-bearing Tulameenite,Variety,,Tulameenite
Antimony-bearing Westerveldite,Variety,,Westerveldite
Antiperthite,Variety,,Feldspar Group
Apatized Wood,Variety,,Apatite
Apricotine,Variety,,Quartz
Apthonite,Variety,,Tetrahedrite Subgroup
Aquamarine,Variety,,Beryl
Aquaprase,Variety,,Chalcedony
Aragonite Satin Spar,Variety,,Aragonite
Argentine,Variety,,Calcite
Argentoaikinite,Variety,,Aikinite
Argentoalgodonite,Variety,,Algodonite
Argentocosalite,Variety,,Cosalite
Argentocuproauride,Variety,,Auricupride
Argentocuproaurite,Variety,,Electrum
Argentocuproaurite-I,Variety,,Argentocuproaurite
Argentocuproaurite-II,Variety,,Argentocuproaurite
Argentocuprocosalite,Variety,,Cosalite
Argentodomeykite,Variety,,Domeykite
Argentogoongarrite,Variety,,Heyrovskýite
Argentonuffieldite,Variety,,Nuffieldite
Arite,Variety,,Breithauptite
Arkansas Candle,Variety,,Quartz
Arkansite,Variety,,Brookite
Arkosite,Variety,,Impsonite
Aromatite,Variety,,Bitumen
Aromite (of Darapsky),Variety,,Epsomite
Arquerite,Variety,,Silver
Arsenantimonfahlerz,Variety,,Tennantite-Tetrahedrite Series
Arsenic-bearing Orthoclase,Variety,,Orthoclase
Arsenic-bearing Pyrite,Variety,,Pyrite
Arsenic-bearing Silver,Variety,,Silver
Arsenic-bearing Vanadinite,Variety,,Vanadinite
Arsenical ferrihydrite,Variety,,Ferrihydrite
Arsenical Tetrahedrite,Variety,,Tetrahedrite Subgroup
Arsenmiargyrite,Variety,,Miargyrite
Arsenofriedelite,Variety,,Friedelite
Arsensulfurite,Variety,,Sulfurite
Arsenuran,Variety,,Uraninite
Arshinovite,Variety,,Zircon
Askanite,Variety,,Montmorillonite
Asparagas Stone,Variety,,Apatite
Asteriated Sapphire,Variety,,Sapphire
Asteroite,Variety,,Augite
Astochite,Variety,,Richterite
Astrolite,Variety,,Muscovite
Atlaserz,Variety,,Malachite
Atopite,Variety,,Roméite Group
Auerbachite,Variety,,Zircon
Aurosmiridium,Variety,,Iridium
Avaite,Variety,,Platinum
Avalite,Variety,,Illite
Avasite,Variety,,Limonite
Aventurine,Variety,,Quartz
Azufrado,Variety,,Nitratine
Azulicite,Variety,,Sanidine
Azurchalcedony,Variety,,Chalcedony
Babel-Quartz,Variety,,Quartz
Bacalite,Variety,,Amber
Bagrationite (of Koksharov),Variety,,Allanite-(Ce)
Baikalite,Variety,,Diopside
Bakerite,Variety,,Datolite
Balas Ruby,Variety,,Spinel
Ball Jasper,Variety,,Jasper
Ballas,Variety,,Diamond
Bandfire Opal,Variety,,Precious Opal
Barian Betafite (of Mironov & Gofman),Variety,,Betafite Group
Baricalcite,Variety,,Calcite
Bariomicrolite (of Hogarth 1977),Variety,,Microlite Group
Barium- and Chromium-bearing Muscovite,Variety,,Muscovite
Barium- and Titanium-bearing Biotite,Variety,,Biotite
Barium-Adularia,Variety,,Adularia
Barium-Albite,Variety,,Plagioclase
Barium-Anorthite (of Nockolds and Zies),Variety,,Anorthite
Barium-bearing Feldspar,Variety,,K Feldspar
Barium-bearing Goyazite,Variety,,Goyazite
Barium-bearing Heulandite,Variety,,Heulandite Subgroup
Barium-bearing magnetoplumbite,Variety,,Magnetoplumbite
Barium-bearing Muscovite,Variety,,Muscovite
Barium-bearing Orthoclase,Variety,,Orthoclase
Barium-bearing phlogopite,Variety,,Phlogopite
Barium-bearing Volborthite,Variety,,Volborthite
Barium-Lamprophyllite,Variety,,Lamprophyllite
Barium-Orthoclase,Variety,,Orthoclase
Barium-rich Celestine,Variety,,Celestine
Barium-Sanidine,Variety,,Sanidine
Barium-Vanadium-Muscovite,Variety,,Muscovite
Barium-zinc Alumopharmocosiderite,Variety,,Pharmacoalumite
Barklyite,Variety,,Ruby
Barleycorn,Variety,,Calcite
Baryt-Hedyphane,Variety,,Hedyphane
Barytbiotite,Variety,,Phlogopite
Baryte Rose,Variety,,Baryte
Barytoanglesite,Variety,,Anglesite
Barytosulfate of Strontian,Variety,,Celestine
Bastinite,Variety,,Hureaulite
Bastite,Variety,,Serpentine Subgroup
Batavite,Variety,,Vermiculite
Batchelorite,Variety,,Muscovite
Batrachite,Variety,,Montmorillonite
Bavalite,Variety,,Chamosite
Bayate,Variety,,Jasper
Beaconite,Variety,,Talc
Bean Ore,Variety,,Limonite
Beaumontite (of Lévy),Variety,,Heulandite-Ca
Beccarite,Variety,,Zircon
Beekite,Variety,,Chalcedony
Befanamite,Variety,,Thortveitite
Bellite,Variety,,Mimetite
Berezovite,Variety,,Phoenicochroite
Berezovskite,Variety,,Chromite
Bergbutter,Variety,,Halotrichite
Bergerit,Variety,,Jasper
Berner Sandstein,Variety,,Greensand
Beryllium-bearing Epidote,Variety,,Epidote
Beryllium-bearing Margarite,Variety,,Margarite
Beryllium-bearing Vesuvianite,Variety,,Vesuvianite
Beryllium-bearingSapphirine,Variety,,Sapphirine
Berzeline (of Necker),Variety,,Haüyne
Beta-Wiikite,Variety,,Wiikite
Beta-Willemite,Variety,,Willemite
Betafite (of Hogarth 1977),Variety,,Pyrochlore Supergroup
Beyrichite,Variety,,Violarite
Bidalotite,Variety,,Gedrite
Binghamite,Variety,,Chalcedony
Binnite (of Des Cloizeaux),Variety,,Tennantite-(Zn)
Bird's Eye Agate,Variety,,Eye Agate
Bismuth- and Lead-bearing Kotulskite,Variety,,Kotulskite
Bismuth- and Palladium-bearing Melonite,Variety,,Melonite
Bismuth-bearing Antimony,Variety,,Antimony
Bismuth-bearing Galena,Variety,,Galena
Bismuth-bearing Gold,Variety,,Gold
Bismuth-bearing Ramdohrite,Variety,,Ramdohrite
Bismuth-bearing Stibarsen,Variety,,Stibarsen
Bismuth-bearing Stibiotantalite,Variety,,Stibiotantalite
Bismuth-bearing Tennantite,Variety,,Tennantite Subgroup
Bismuth-bearing teremkovite ,Variety,,Owyheeite
Bismuth-bearing Tetrahedrite,Variety,,Tetrahedrite Subgroup
Bismutosmaltin,Variety,,Smaltite
Bismutostibiconite,Variety,,Roméite Group
Bitumen,Variety,,Petroleum
Black Hornblende Jade,Variety,,Ferro-hornblende
Black Opal,Variety,,Precious Opal
Blanfordite,Variety,,Aegirine-augite
Blaubleierz,Variety,,Galena
Blaufluss,Variety,,Goldstone
Bleischweif,Variety,,Galena
Bleispiegel,Variety,,Galena
Blister Copper,Variety,,Chalcopyrite
Blue Alexandrite,Variety,,Corundum
Blue Beryl (Maxixe),Variety,,Beryl
Blue Chalcedony,Variety,,Chalcedony
Blue Diopside,Variety,,Diopside
Blue John,Variety,,Fluorite
Blue Lace Agate,Variety,,Agate
Blue Opal,Variety,,Opal
Blue Quartz,Variety,,Quartz
Blue Tiger's Eye,Variety,,Tiger's Eye
Blueite,Variety,,Marcasite
Bone Opal,Variety,,Opal
Bort,Variety,,Diamond
Botryolite,Variety,,Datolite
Botswana Agate,Variety,,Agate
Bouazzerite (of Cailleres),Variety,,Stichtite
Boulder Opal,Variety,,Precious Opal
Bowel Stone,Variety,,Anhydrite
Bowenite,Variety,,Antigorite
Bowlingite,Variety,,Saponite
Brammallite,Variety,,Paragonite
Brandãosite,Variety,,Spessartine
Bravoite,Variety,,Pyrite
Brazilian Emerald,Variety,,Elbaite
Brazilian Sapphire,Variety,,Elbaite
Brecciated Agate,Variety,,Agate
Bredbergite,Variety,,Andradite
Breislakite,Variety,,Vonsenite
Breunnerite,Variety,,Iron-bearing Magnesite
Broggite,Variety,,Bitumen
Brom-bischofite,Variety,,Bischofite
Bromboracit,Variety,,Boracite
Brombotallackite,Variety,,Botallackite
Bromcarnallite,Variety,,Carnallite
Bromian Chlorargyrite,Variety,,Chlorargyrite
Bromian Sylvite,Variety,,Sylvite
Bronzite,Variety,,Enstatite
Brossite,Variety,,Iron-bearing Dolomite
Brunsvigite,Variety,,Chamosite
Bruyerite,Variety,,Calcite
Bucaramangite,Variety,,Retinite
Bucklandite (of Hermann),Variety,,Epidote
Buhrstone,Variety,,Chalcedony
Bull Quartz,Variety,,Quartz
Burmite,Variety,,Amber
Burnt amethyst,Variety,,Amethyst
Byssolite,Variety,,Amphibole Supergroup
Bytownite,Variety,,Anorthite
Ca- and Sr-rich Baryte,Variety,,Baryte
Ca-rich olivine,Variety,,Olivine
Ca-rich Siderite,Variety,,Siderite
Cactus Quartz,Variety,,Quartz
Cadmium-bearing Sphalerite,Variety,,Sphalerite
Cadmium-rich Wurtzite,Variety,,Wurtzite
Caesian Bazzite,Variety,,Bazzite
Caesium Beryl,Variety,,Alkali-beryl
Caesium-bearing Polylithionite,Variety,,Polylithionite
Calcareobarite,Variety,,Baryte
Calcio-duftite,Variety,,Duftite
Calciobetafite (of Mazzi & Munno),Variety,,Pyrochlore Group
Calciocelestine,Variety,,Celestine
Calciogadolinite-(Y),Variety,,Gadolinite-(Y)
Calciolyndochite,Variety,,Aeschynite-(Ce)
Calciothorite,Variety,,Thorite
Calcite Satin Spar,Variety,,Calcite
Calcium-bearing Annabergite,Variety,,Annabergite
Calcium-bearing Elpidite,Variety,,Elpidite
Calcium-bearing Graftonite,Variety,,Graftonite
Calcium-bearing Mimetite,Variety,,Mimetite
Calcium-bearing Pyromorphite,Variety,,Pyromorphite
Calcium-bearing Queitite,Variety,,Queitite
Calcium-bearing Rhodochrosite,Variety,,Rhodochrosite
Calcium-bearing Seidozerite,Variety,,Seidozerite
Calcium-bearing Sérandite,Variety,,Serandite
Calcium-bearing Wulfenite,Variety,,Wulfenite
Calcium-Eisenspessartin,Variety,,Spessartine
Calcium-Gümbelite,Variety,,Hydromuscovite
Calcium-Jarosite,Variety,,Jarosite
Calcium-lazulite,Variety,,Lazulite
Calcium-Montmorillonite,Variety,,Montmorillonite
Calcium-Pharmacosiderite,Variety,,Bariopharmacosiderite
Calyptolite,Variety,,Zircon
Campylite,Variety,,Mimetite
Canaanite,Variety,,Diopside
Cape Asbestos,Variety,,Crocidolite
Cape May Diamond,Variety,,Quartz
Capillitite,Variety,,Rhodochrosite
Caporcianite,Variety,,Laumontite
Capped Quartz,Variety,,Quartz
Capreite,Variety,,Calcite
Carbonado,Variety,,Diamond
Carbonate-fluorhydroxyapatite,Variety,,Hydroxylapatite
Carbonate-rich Apatite,Variety,,Apatite
Carbonate-rich Fluorapatite,Variety,,Fluorapatite
Carbonate-rich Hydroxylapatite,Variety,,Hydroxylapatite
Carbonate-Vishnevite,Variety,,Vishnevite
Carbonite (of Mueller),Variety,,Pyrobitumen
Carinthine,Variety,,Pargasite
Carltonite,Variety,,Iron
Carnelian,Variety,,Chalcedony
Caryocerite,Variety,,Melanocerite-(Ce)
Caswellite,Variety,,Grossular
Cat Sapphire,Variety,,Sapphire
Cat's Eye Opal,Variety,,Opal
Cat's Eye Tourmaline,Variety,,Tourmaline
Catalinite,Variety,,Jasper
Cathkinite,Variety,,Saponite
Cattle Egg Stone,Variety,,Pyrophyllite
Cd-Freibergite,Variety,,Tetrahedrite Subgroup
Cefluosil,Variety,,Britholite-(Ce)
Celestialite,Variety,,Ozocerite
Celestobarite (of Dana),Variety,,Baryte
Cellular Pyrites,Variety,,Marcasite
Cerapatite,Variety,,Apatite
Cerfluorite,Variety,,Fluorite
Cerian Barite,Variety,,Baryte
Cerian Thorianite,Variety,,Thorianite
Cerian Vesuvianite,Variety,,Vesuvianite
Ceriopyrochlore (of Hogarth 1977),Variety,,Pyrochlore Group
Cerphosphorhuttonite,Variety,,Huttonite
Cesian Analcime,Variety,,Analcime
Ceylonese Chrysolite,Variety,,Chrysoberyl
Ceylonite,Variety,,Spinel
Chacaltaîte,Variety,,Muscovite
Chalcedony,Variety,,Quartz
Chalcotrichite,Variety,,Cuprite
Changhua Stone,Variety,,Dickite
Chasovrite,Variety,,Clay minerals
Chathamite,Variety,,Löllingite
Chemawinite,Variety,,Retinite
Chengbolite,Variety,,Moncheite
Chernobylite,Variety,,Zircon
Cherry Opal,Variety,,Opal
Chesterlite,Variety,,Microcline
Chiastolite,Variety,,Andalusite
Chile-Loeweite,Variety,,Löweite
Chilenite,Variety,,Silver
Chillagite,Variety,,Wulfenite
Chinglusuite,Variety,,Neotocite
Chlorastrolite,Variety,,Pumpellyite-(Mg)
Chlorian biotite,Variety,,Biotite
Chlorian Bromargyrite,Variety,,Bromargyrite
Chlorian Chamosite,Variety,,Chamosite
Chlorian Ferro-Hornblende,Variety,,Ferro-hornblende
Chlorian Hastingsite,Variety,,Hastingsite
Chloromelanite,Variety,,Jadeite
Chlorophane,Variety,,Fluorite
Chlorosaphir,Variety,,Corundum
Chlorospinel,Variety,,Spinel
Christensenite,Variety,,Tridymite
Chrom-Biotit,Variety,,Biotite
Chrom-Lanarkite,Variety,,Lanarkite
Chromatian Lanarkite,Variety,,Lanarkite
Chrome antigorite,Variety,,Antigorite
Chrome Phlogopite,Variety,,Phlogopite
Chrome-Alumina-Hisingerite,Variety,,Hisingerite
Chrome-bearing Grossular,Variety,,Grossular
Chrome-Beidellite,Variety,,Beidellite
Chrome-Cerussite,Variety,,Cerussite
Chrome-Chalcedony,Variety,,Chalcedony
Chrome-Clinozoisite,Variety,,Clinozoisite
Chrome-diaspore,Variety,,Diaspore
Chrome-Halloysite,Variety,,Halloysite
Chrome-Kaolinite,Variety,,Kaolinite
Chrome-Nontronite,Variety,,Nontronite
Chrome-Omphacite,Variety,,Omphacite
Chrome-Pistazite,Variety,,Pistacite
Chrome-Pyroaurite,Variety,,Pyroaurite
Chrome-Pyrophyllite,Variety,,Pyrophyllite
Chrome-Tourmaline,Variety,,Tourmaline
Chrome-Tremolite,Variety,,Tremolite
Chrome-Vesuvianite,Variety,,Vesuvianite
Chrome-Zoisite,Variety,,Zoisite
Chromferrit,Variety,,Chromite
Chromium-bearing Allanite-(Ce),Variety,,Allanite-(Ce)
Chromium-bearing Alumohydrocalcite,Variety,,Alumohydrocalcite
Chromium-bearing Biotite,Variety,,Biotite
Chromium-bearing Chamosite,Variety,,Chamosite
Chromium-bearing Clinochlore,Variety,,Clinochlore
Chromium-bearing Clinopyroxene,Variety,,Clinopyroxene Subgroup
Chromium-bearing Corundum,Variety,,Corundum
Chromium-bearing Dawsonite,Variety,,Dawsonite
Chromium-bearing Diopside,Variety,,Diopside
Chromium-bearing Dravite,Variety,,Dravite
Chromium-bearing Elbaite,Variety,,Elbaite
Chromium-bearing Iowaite,Variety,,Iowaite
Chromium-bearing Jadeite,Variety,,Jadeite
Chromium-bearing Kennedyite,Variety,,Pseudobrookite
Chromium-bearing Lawsonite,Variety,,Lawsonite
Chromium-bearing Limonite,Variety,,Limonite
Chromium-bearing Magnesio-arfvedsonite,Variety,,Magnesio-arfvedsonite
Chromium-bearing Mimetite,Variety,,Mimetite
Chromium-bearing Phlogopite,Variety,,Phlogopite
Chromium-bearing Pyrope,Variety,,Pyrope
Chromium-bearing Sapphirine,Variety,,Sapphirine
Chromium-bearing Sericite,Variety,,Sericite
Chromium-bearing Talc,Variety,,Talc
Chromium-bearing Titanite,Variety,,Titanite
Chromium-bearing Tremolite,Variety,,Tremolite
Chromium-bearing Wulfenite,Variety,,Wulfenite
Chromium-bearing Yukonite,Variety,,Yukonite
Chromlöweite,Variety,,Löweite
Chrommagnetite,Variety,,Magnetite
Chromocyclite,Variety,,Apophyllite Group
Chromohercynite,Variety,,Hercynite
Chromojadeite,Variety,,Jadeite
Chrompicotite,Variety,,Picotite
Chromsteigerite,Variety,,Steigerite
Chrysanthemum Stone (of Kimura),Variety,,Xenotime-(Y)
Chrysojasper,Variety,,Jasper
Chrysolite Cat's-eye,Variety,,Chrysoberyl
Chrysopal,Variety,,Opal
Chrysopal (of Schumann),Variety,,Opal
Chrysotilasbest,Variety,,Chrysotile
Citrine,Variety,,Quartz
Citron Feldspar,Variety,,Sanidine
Claro Opal,Variety,,Precious Opal
Clear Lake Diamond,Variety,,Quartz
Cleavelandite,Variety,,Albite
Cleiophane,Variety,,Sphalerite
Cleveite,Variety,,Uraninite
Cliftonite,Variety,,Graphite
Clinoamphibole,Variety,,Amphibole Supergroup
Clinohypersthene,Variety,,Clinopyroxene Subgroup
Clinothulite,Variety,,Clinozoisite
Cloud Agate,Variety,,Agate
Cloudy Bastard Amber,Variety,,Amber
Cluthalite,Variety,,Analcime
Cobalt and Magnesium-bearing Annabergite,Variety,,Annabergite
Cobalt-bearing Adamite,Variety,,Adamite
Cobalt-bearing Aragonite,Variety,,Aragonite
Cobalt-bearing Austinite,Variety,,Austinite
Cobalt-bearing Calcite,Variety,,Calcite
Cobalt-bearing Dolomite,Variety,,Dolomite
Cobalt-bearing Epsomite,Variety,,Epsomite
Cobalt-bearing Ferrilotharmeyerite,Variety,,Ferrilotharmeyerite
Cobalt-bearing Gersdorffite,Variety,,Gersdorffite
Cobalt-bearing Köttigite,Variety,,Köttigite
Cobalt-bearing Löllingite,Variety,,Löllingite
Cobalt-bearing Malanite,Variety,,Malanite
Cobalt-bearing Mansfieldite,Variety,,Mansfieldite
Cobalt-bearing Melonite,Variety,,Melonite
Cobalt-bearing Olivenite,Variety,,Olivenite
Cobalt-bearing Parasymplesite,Variety,,Parasymplesite
Cobalt-bearing Penroseite,Variety,,Penroseite
Cobalt-bearing Pentlandite,Variety,,Pentlandite
Cobalt-bearing Polydymite,Variety,,Polydymite
Cobalt-bearing Pyrite,Variety,,Pyrite
Cobalt-bearing Pyrrhotite,Variety,,Pyrrhotite
Cobalt-bearing Rammelsbergite,Variety,,Rammelsbergite
Cobalt-bearing Rhodochrosite,Variety,,Rhodochrosite
Cobalt-bearing Smithsonite,Variety,,Smithsonite
Cobalt-bearing Talmessite,Variety,,Talmessite
Cobalt-bearing Tetrahedrite,Variety,,Tetrahedrite Subgroup
Cobalt-bearing Wad,Variety,,Wad
Cobalt-frohbergite,Variety,,Frohbergite
Cobalt-nickel-pyrite (of Vernadsky),Variety,,Pyrite
Cobalt-rich Melonite,Variety,,Melonite
Cobaltochrompicotite,Variety,,Chrompicotite
Cockade sphalerite,Variety,,Sphalerite
Colerainite,Variety,,Clinochlore
Collieite,Variety,,Pyromorphite
Collophane,Variety,,Carbonate-rich Apatite
Colophonite,Variety,,Andradite
Colour-change diaspore,Variety,,Diaspore
Combarbalite,Variety,,Soapstone
Common Glass,Variety,,Glass
Common Opal,Variety,,Opal
Comstockite,Variety,,Melanterite
Contra Luz Opal,Variety,,Precious Opal
Copper and Manganese-bearing Aphthitalite,Variety,,Aphthitalite
Copper and Zinc-bearing Epsomite,Variety,,Epsomite
Copper Vermiculite,Variety,,Vermiculite
Copper-bearing Adamite,Variety,,Adamite
Copper-bearing Anglesite,Variety,,Anglesite
Copper-bearing Austinite,Variety,,Austinite
Copper-bearing Beudantite,Variety,,Beudantite
Copper-bearing Boulangerite,Variety,,Boulangerite
Copper-bearing Cadmoselite,Variety,,Cadmoselite
Copper-bearing Cobaltaustinite,Variety,,Cobaltaustinite
Copper-bearing Descloizite,Variety,,Descloizite
Copper-bearing Elbaite,Variety,,Elbaite
Copper-bearing Fraipontite,Variety,,Fraipontite
Copper-bearing Gahnite,Variety,,Gahnite
Copper-bearing Glauconite,Variety,,Glauconite
Copper-bearing Gold,Variety,,Gold
Copper-bearing Halloysite,Variety,,Halloysite
Copper-bearing Mansfieldite,Variety,,Mansfieldite
Copper-bearing Melanterite,Variety,,Melanterite
Copper-bearing Planerite,Variety,,Planerite
Copper-bearing Pyrite,Variety,,Pyrite
Copper-bearing Rustenburgite,Variety,,Rustenburgite
Copper-bearing Saponite,Variety,,Saponite
Copper-bearing Scheelite,Variety,,Scheelite
Copper-bearing Vanadinite,Variety,,Vanadinite
Copper-bearing Wad,Variety,,Wad
Coppite,Variety,,Tetrahedrite Subgroup
Coracite,Variety,,Gummite
Corallinerz,Variety,,Cinnabar
Cordierite-pinite,Variety,,Pinite
Cornuite (of Rogers),Variety,,Chrysocolla
Corundophilite,Variety,,Clinochlore
Cossaite (of Piolti?),Variety,,Paragonite
Cotterite,Variety,,Quartz
Cr-rich Picroilmenite,Variety,,Ilmenite
Crazy Calcite,Variety,,Calcite
Crazy Lace Agate,Variety,,Agate
Creolite,Variety,,Jasper
Crocidolite,Variety,,Riebeckite Root Name Group
Crucilite,Variety,,Hematite
Cryptoperthite,Variety,,Perthite
Crystal Opal,Variety,,Precious Opal
Cs-rich Lepidolite,Variety,,Lepidolite
Ctypéite,Variety,,Aragonite
Cu-rich lyonsite,Variety,,Lyonsite
Cubosilicite,Variety,,Chalcedony
Cupro-Allophane,Variety,,Allophane
Cupro-iodargyrite,Variety,,Marshite
Cuproapatite,Variety,,Fluorapatite
Cuproarquerite,Variety,,Native Amalgam
Cuproasbolane,Variety,,Asbolane
Cuprobinnite,Variety,,Tennantite Subgroup
Cuprocannizzarite,Variety,,Cannizzarite
Cuprofaustite,Variety,,Faustite
Cuprogoslarite,Variety,,Goslarite
Cuprokirovite,Variety,,Melanterite
Cuprolillianite,Variety,,Lillianite
Cupromatildite,Variety,,Matildite
Cuprozippeite,Variety,,Zippeite
Cyanochalcite,Variety,,Chrysocolla
Cymophane,Variety,,Chrysoberyl
Cyrtolite,Variety,,Zircon
Dallasite,Variety,,Jasper
Damourite,Variety,,Muscovite
Damsonite,Variety,,Chalcedony
Danaite,Variety,,Arsenopyrite
Daphnite,Variety,,Chamosite
Darlingite,Variety,,Jasper
Debaoite,Variety,,Parnauite
Dechenite,Variety,,Descloizite
Degeroite,Variety,,Hisingerite
Delanovite,Variety,,Montmorillonite
Delatynite,Variety,,Amber
Delawarite,Variety,,Orthoclase
Demantoid,Variety,,Andradite
Dendritic Agate,Variety,,Chalcedony
Dhanrasite,Variety,,Almandine
Diabantite,Variety,,Clinochlore
Diackethyst,Variety,,Chalcedony
Diallage,Variety,,Diopside
Dillnite,Variety,,Zunyite
Dog-tooth Spar,Variety,,Calcite
Dokuchaevite (of Sumin),Variety,,Delafossite
Dolomitic Calcite,Variety,,Calcite
Dotsero Diamond,Variety,,Quartz
Dough tin,Variety,,Cassiterite
Dragonite,Variety,,Quartz
Dry Bone Ore,Variety,,Smithsonite
Ducktownite,Variety,,Chalcocite
Duftite-β,Variety,,Duftite
Duhamelite,Variety,,Mottramite
Duxite,Variety,,Amber
Dysanalyte,Variety,,Perovskite
Dyssnite,Variety,,Rhodonite
Eastonite (of Hamilton),Variety,,Vermiculite
Eastonite (of Winchell),Variety,,Biotite
Edelfarse,Variety,,Wollastonite
Edisonite,Variety,,Rutile
Egyptian Jasper,Variety,,Jasper
Ehrenwerthite,Variety,,Goethite
Eisenkiesel,Variety,,Quartz
Ekmanite,Variety,,Stilpnomelane
El Doradoite,Variety,,Quartz
Elaeolite,Variety,,Nepheline
Elbrussite,Variety,,Clay minerals
Electrum,Variety,,Gold
Eleolite,Variety,,Nepheline
Elkerite,Variety,,Pyrobitumen
Ema egg,Variety,,Quartz
Emerald,Variety,,Beryl
Emildine,Variety,,Spessartine
Emmonite,Variety,,Strontianite
Enhydro Agate,Variety,,Agate
Eucolite,Variety,,Eudialyte Group
Eucolite-Titanite,Variety,,Yttrium-bearing Titanite
Eupyrchroite,Variety,,Apatite
Exotic limonite,Variety,,Limonite
Eye Agate,Variety,,Agate
Faden Quartz,Variety,,Quartz
Fairburn Agate,Variety,,Fortification Agate
Falcon's Eye,Variety,,Tiger's Eye
False Amethyst,Variety,,Fluorite
Fargite,Variety,,Natrolite
Fassaite,Variety,,Augite
Fatty Amber,Variety,,Amber
Fe-Kaolinite,Variety,,Kaolinite
Fe-pennantite,Variety,,Pennantite
Fe-rich pyroxene,Variety,,Pyroxene Group
Feather pyrite,Variety,,Pyrite
Fedorovite,Variety,,Aegirine
Femaghastingsite,Variety,,Hastingsite
Femolite,Variety,,Molybdenite
Fengluanite,Variety,,Isomertieite
Fensterquarz,Variety,,Quartz
Ferchevkinite,Variety,,Chevkinite Group
Ferri-hydroxykeramohalite,Variety,,Keramohalite
Ferriallophane,Variety,,Allophane
Ferrian Chromite,Variety,,Chromite
Ferrian Garnierite,Variety,,Garnierite
Ferrian Halloysite,Variety,,Halloysite
Ferrian Ilmenite,Variety,,Ilmenite
Ferrian Variscite,Variety,,Variscite
Ferrian Wad,Variety,,Wad
Ferribeidellite,Variety,,Beidellite
Ferrichromite,Variety,,Chromite
Ferriferous pigeonite,Variety,,Pigeonite
Ferrihalloysite-Garnierite,Variety,,Garnierite
Ferrimontmorillonite,Variety,,Montmorillonite
Ferrimuscovite,Variety,,Muscovite
Ferrisicklerite,Variety,,Triphylite
Ferristilpnomelane,Variety,,Stilpnomelane
Ferrithorite,Variety,,Thorite
Ferritungstite,Variety,,Hydrokenoelsmoreite
Ferriturquoise,Variety,,Turquoise
Ferro-Goslarite,Variety,,Goslarite
Ferroamesite,Variety,,Amesite
Ferroaugite,Variety,,Augite
Ferrohedenbergite,Variety,,Augite
Ferrohortonolite,Variety,,Fayalite
Ferrojohannsenite,Variety,,Johannsenite
Ferropericlase,Variety,,Periclase
Ferropickeringite,Variety,,Pickeringite
Ferropicotite,Variety,,Spinel
Ferrosalite,Variety,,Hedenbergite
Ferrostilpnomelane,Variety,,Stilpnomelane
Ferrous freudenbergite,Variety,,Freudenbergite
Ferrowollastonite,Variety,,Wollastonite
Ferruginous Microcline,Variety,,Microcline
Ferruginous Quartz,Variety,,Quartz
Fetid Calcite,Variety,,Calcite
Fibrolite,Variety,,Sillimanite
Fibrous calcite,Variety,,Calcite
Fire Agate,Variety,,Chalcedony
Fire Opal,Variety,,Opal
Float-stone,Variety,,Silica
Flos Ferri,Variety,,Aragonite
Fluor-lepidomelane,Variety,,Lepidomelane
Fluorian Phlogopite,Variety,,Phlogopite
Foamy Amber,Variety,,Amber
Forcherite,Variety,,Opal
Fortification Agate,Variety,,Agate
Fossil Agate,Variety,,Agate
Fowlerite,Variety,,Rhodonite
Framesite ,Variety,,Bort
Freyalite,Variety,,Melanocerite-(Ce)
Frigidite,Variety,,Tetrahedrite Subgroup
Frugardite,Variety,,Vesuvianite
Fuchsite,Variety,,Muscovite
Fucosite,Variety,,Bitumen
Ga-rich plumbogummite,Variety,,Plumbogummite
Gahnospinel,Variety,,Spinel
Galactite,Variety,,Natrolite
Galène tricotée,Variety,,Galena
Gallium-bearing Allanite-(Ce),Variety,,Allanite-(Ce)
Gallium-bearing Chlormayenite,Variety,,Chlormayenite
Gaoshan Stone,Variety,,Dickite
Gavite,Variety,,Talc
Ge-Sn-Sulvanite,Variety,,Sulvanite
Gedanite,Variety,,Amber
Gel-Anatase,Variety,,Anatase
Gel-Bertrandite,Variety,,Bertrandite
Gel-Rutile,Variety,,Rutile
Gel-Thorite,Variety,,Thorite
Geldiadochite,Variety,,Diadochite
Gelfischerite,Variety,,Wavellite
Gelmagnesite,Variety,,Magnesite
Gelpyrit,Variety,,Pyrite
Gelpyrophyllite,Variety,,Pyrophyllite
Geltenorite,Variety,,Tenorite
Gelvariscite,Variety,,Variscite
Gem Blende,Variety,,Sphalerite
Gennoishi,Variety,,Glendonite
Germanate-sodalite,Variety,,Sodalite
Germanian Keithconnite,Variety,,Keithconnite
Germanium-bearing Cuspidine,Variety,,Cuspidine
Gestrickter Bleiglanz,Variety,,Galena
Geyerite,Variety,,Löllingite
Gieseckite,Variety,,Muscovite
Gilbertite,Variety,,Muscovite
Gilpinite,Variety,,Johannite
Ginzburgite (of Chukhrov),Variety,,Clay minerals
Girasol,Variety,,Opal
Glaucopyrite,Variety,,Löllingite
Glendonite,Variety,,Calcite
Glessite,Variety,,Retinite
Gold and Zinc-bearing Copper,Variety,,Copper
Gold Opal,Variety,,Opal
Gold-bearing Chalcopyrite,Variety,,Chalcopyrite
Gold-bearing Galena,Variety,,Galena
Gold-bearing Limonite,Variety,,Limonite
Gold-bearing Linnaeite,Variety,,Linnaeite
Gold-bearing Pyrite,Variety,,Pyrite
Gold-bearing Silver,Variety,,Silver
Gooseberry Stone,Variety,,Grossular
Goshenite,Variety,,Beryl
Grape agate,Variety,,Quartz
Grape Garnet,Variety,,Almandine-Pyrope Series
Grape Willemite,Variety,,Willemite
Greenovite,Variety,,Titanite
Greinerite,Variety,,Dolomite
Grothite,Variety,,Titanite
Grünblende,Variety,,Aegirine-augite
Guadalcazarite,Variety,,Metacinnabar
Guadarramite,Variety,,Ilmenite
Gunnbjarnite,Variety,,Sepiolite
Haema-ovoid-agates,Variety,,Agate
Hafnian Zircon,Variety,,Zircon
Hagatalite,Variety,,Zircon
Hair Amethyst,Variety,,Amethyst
Half-Bornite,Variety,,Bornite
Harlequin Opal,Variety,,Precious Opal
Harrisite (of Dana),Variety,,Chalcocite
Hatchettite,Variety,,Ozocerite
Haydenite,Variety,,Chabazite-Ca
Haytorite,Variety,,Quartz
Hebronite,Variety,,Amblygonite
Hedenbergite-Hypersthene,Variety,,Hedenbergite
Heinekenite,Variety,,Glass
Helenite (of Nawratil),Variety,,Ozocerite
Heliodor,Variety,,Beryl
Hemafibrite,Variety,,Synadelphite
Hematoconite,Variety,,Calcite
Hengleinite,Variety,,Bravoite
Hepatic pyrite,Variety,,Pyrite
Hepatite,Variety,,Baryte
Heptaphyllite,Variety,,Clay minerals
Herbeckite,Variety,,Chalcedony
Herrerite,Variety,,Smithsonite
Hessonite,Variety,,Grossular
Heterophyllite,Variety,,Biotite
Hetian Jade,Variety,,Tremolite Jade
Heubachite,Variety,,Heterogenite
"Hexaferrum-(Fe,Ir)",Variety,,Hexaferrum
"Hexaferrum-(Fe,Os)",Variety,,Hexaferrum
"Hexaferrum-(Fe,Ru)",Variety,,Hexaferrum
Hexagonite,Variety,,Tremolite
Hibschite,Variety,,Grossular
Hiddenite,Variety,,Spodumene
High Albite,Variety,,Albite
High Plagioclase,Variety,,Albite-Anorthite Series
High sanidine,Variety,,Sanidine
High-Hydrated Si-Deficient Vesuvianite,Variety,,Vesuvianite
Hislopite,Variety,,Calcite
Hokutolite,Variety,,Baryte
Honey calcite,Variety,,Calcite
Honey Opal,Variety,,Opal
Honigblende,Variety,,Sphalerite
Hornblende-asbestos,Variety,,Hornblende
Horobetsuite,Variety,,Bismuthinite-Stibnite Series
Hortonolite,Variety,,Fayalite-Forsterite Series
Houghite,Variety,,Hydrotalcite
Hsihutsunite,Variety,,Rhodonite
Huantajayite,Variety,,Halite
Humacite,Variety,,Bitumen
Hyacinth,Variety,,Zircon
Hyalite,Variety,,Opal
Hyalophane,Variety,,Microcline
Hydroandradite,Variety,,Andradite
Hydroascharite,Variety,,Szaibélyite
Hydroauerlite,Variety,,Thorite
Hydrobismutite,Variety,,Bismutite
Hydrogrossular,Variety,,Grossular
Hydrohematite,Variety,,Hematite
Hydrohetaerolite,Variety,,Hetaerolite
Hydrolepidocrocite,Variety,,Lepidocrocite
Hydromaghemite,Variety,,Maghemite
Hydromagnetite,Variety,,Magnetite
Hydrophane,Variety,,Opal
Hydroxy-petscheckite,Variety,,Petscheckite
Hydroxylian Pseudorutile,Variety,,Pseudorutile
Hystatite,Variety,,Ilmenite
Iceland Spar,Variety,,Calcite
Illite,Variety,,Muscovite
Illite Jade,Variety,,Illite
Ilmenorutile,Variety,,Rutile
Imperial Topaz,Variety,,Topaz
Impsonite,Variety,,Pyrobitumen
Incaite,Variety,,Franckeite
Indigenous limonite,Variety,,Limonite
Indium-bearing Sphalerite,Variety,,Sphalerite
Intermediate pigeonite,Variety,,Pigeonite
Iodcarnallite,Variety,,Carnallite
Iodembolite,Variety,,Chlorargyrite
Iodian Bromargyrite,Variety,,Bromargyrite
Iodian Bromian Chlorargyrite,Variety,,Chlorargyrite
Iolite,Variety,,Cordierite
Iridescent Hematite,Variety,,Hematite
Iridian Awaruite,Variety,,Awaruite
Iridian Dienerite,Variety,,Dienerite
Iridian Gold,Variety,,Gold
Iridian isoferroplatinum,Variety,,Isoferroplatinum
Iridian tulameenite,Variety,,Tulameenite
Iridium-bearing Taenite,Variety,,Taenite
Iridosmine,Variety,,Osmium
Iridrhodruthenium,Variety,,Ruthenium
Iris Agate,Variety,,Agate
Iris Quartz,Variety,,Quartz
Irnimite,Variety,,Jasper
Iron Rose,Variety,,Hematite
Iron- and Antimony-bearing Rutile,Variety,,Rutile
Iron-bearing Arthurite,Variety,,Arthurite
Iron-bearing Boothite,Variety,,Boothite
Iron-bearing Boracite,Variety,,Boracite
Iron-bearing Calcite,Variety,,Calcite
Iron-bearing Cobaltite,Variety,,Cobaltite
Iron-bearing Dolomite,Variety,,Dolomite
Iron-bearing Epsomite,Variety,,Epsomite
Iron-bearing Magnesite,Variety,,Magnesite
Iron-bearing Olenite,Variety,,Olenite
Iron-bearing Phlogopite,Variety,,Phlogopite
Iron-bearing Saponite,Variety,,Saponite
Iron-bearing Starkeyite,Variety,,Starkeyite
Iron-bearing Trevorite,Variety,,Trevorite
Iron-bearing Wodginite,Variety,,Wodginite
Iron-bearing Zakharovite,Variety,,Zakharovite
Iron-magnesia Spinel,Variety,,Spinel
Iron(II)-bearing muscovite,Variety,,Muscovite
Iron(III)-bearing Ilmenite,Variety,,Ilmenite
Iserine,Variety,,Ilmenite
Iserite (of Janovsky),Variety,,Rutile
Ishkildite,Variety,,Chrysotile
Ishkulite,Variety,,Magnetite
Isopyre,Variety,,Opal
Jacinto de Compostela,Variety,,Quartz
Jargoon,Variety,,Zircon
Jasper,Variety,,Chalcedony
Jasper Opal,Variety,,Opal
Jaulingite,Variety,,Amber
Jedi spinel,Variety,,Spinel
Jelinite,Variety,,Amber
Jelly Opal,Variety,,Opal
Jenkinsite,Variety,,Antigorite
Jian forsterite jade,Variety,,Forsterite
Johnstonite (of Haidinger),Variety,,Galena
Johnstonotite,Variety,,Spessartine
Justite (of Hofmann-Degen),Variety,,Åkermanite
Kalipyrochlore (of Hogarth 1977),Variety,,Hydropyrochlore
Kamacite,Variety,,Iron
Kanonenspat,Variety,,Calcite
Kasoite,Variety,,Celsian
Kasparite,Variety,,Pickeringite
Kavkazite,Variety,,Petroleum
Keatingine,Variety,,Bustamite
Keilhauite,Variety,,Titanite
kellerite,Variety,,Pentahydrite
Kembleite,Variety,,Meionite
Kennedyite,Variety,,Pseudobrookite
Kenngottite (of Gagarin and Cuomo),Variety,,Arsenolite
Keramite (of Hunt),Variety,,Kaolinite
Keramsite,Variety,,Clay minerals
Keystonite Chalcedony,Variety,,Chalcedony
Kibdelophane,Variety,,Ilmenite
Kidney Ore,Variety,,Hematite
Killiecrankie Diamond,Variety,,Topaz
Kinradite,Variety,,Jasper
Kirovite,Variety,,Melanterite
Kitaibelite,Variety,,Pavonite
Kittlite,Variety,,Metacinnabar
Knebelite,Variety,,Fayalite-Tephroite Series
Knipovichite,Variety,,Alumohydrocalcite
Knopite,Variety,,Perovskite
Knoxvillite,Variety,,Magnesiocopiapite
Kobalt-oligonspath,Variety,,Siderite
Kobaltfahlerz,Variety,,Tetrahedrite Subgroup
Kochenite,Variety,,Amber
Kokardenerz,Variety,,Sphalerite
Kolloid-calcite,Variety,,Calcite
Kolloid-magnesite,Variety,,Magnesite
Kolloid-siderite,Variety,,Siderite
Kolosorukite,Variety,,Jarosite
Kondrikovite,Variety,,Natrolite
Kongsbergite,Variety,,Silver
Korea-Augite,Variety,,Augite
Kreittonite,Variety,,Gahnite
Kularite,Variety,,Monazite-(Ce)
Kunzite,Variety,,Spodumene
Kupferblau,Variety,,Azurite
Kupfferite (of Koksarov),Variety,,Anthophyllite
Küstelite,Variety,,Silver
Labradorite,Variety,,Anorthite
Lady's Slipper,Variety,,Siderite
Laguna Agate,Variety,,Agate
Lake Superior Agate,Variety,,Agate
Landscape Agate,Variety,,Chalcedony
Larimar,Variety,,Pectolite
Lavender Jade,Variety,,Jadeite
Lavernite,Variety,,Periclase
Lavrovite,Variety,,Diopside
Lazarevicite,Variety,,Arsenosulvanite
Lazur-Apatite,Variety,,Apatite
Lazur-Feldspath,Variety,,Oligoclase
Lead Glass,Variety,,Glass
"Lead-, Arsenic- and Antimony-bearing Atokite",Variety,,Atokite
Lead-bearing Aragonite,Variety,,Aragonite
Lead-bearing Calcite,Variety,,Calcite
Lead-bearing Ferdowsiite,Variety,,Ferdowsiite
Lead-bearing Gold,Variety,,Gold
Lead-bearing Keithconnite,Variety,,Keithconnite
Lead-bearing Rhabdophane-(Ce),Variety,,Rhabdophane-(Ce)
Lead-bearing Tennantite,Variety,,Tennantite Subgroup
Lead-bearing Tetrahedrite,Variety,,Tetrahedrite Subgroup
Lechosos Opal,Variety,,Precious Opal
Ledererite,Variety,,Gmelinite Subgroup
Lederite (of Shepard),Variety,,Titanite
Ledo frozen fire,Variety,,Corundum
Lemon Opal,Variety,,Opal
Leonhardite,Variety,,Laumontite
Leopardenerz,Variety,,Chromite
Lepidomelane,Variety,,Mica Group
Leucaugite,Variety,,Diopside
Leuchtenbergite,Variety,,Clinochlore
Leuco garnet,Variety,,Grossular
Leucochalcite,Variety,,Olivenite
Leukogranat,Variety,,Grossular
Leverrierite,Variety,,Illite
Leviglianite,Variety,,Metacinnabar
Levin Opal,Variety,,Precious Opal
Liebenerite,Variety,,Muscovite
Lime-Bronzite,Variety,,Enstatite
Lime-Dravite,Variety,,Dravite
Lime-Malachite,Variety,,Malachite
Limestone Onyx,Variety,,Calcite
Liminitogelite,Variety,,Stilpnosiderite
Limnite,Variety,,Limonite
Lindsayite,Variety,,Anorthite
Linosite,Variety,,Kaersutite
Lithian excess-boron olenite,Variety,,Olenite
Lithian Magnesite,Variety,,Magnesite
Lithian Saponite,Variety,,Saponite
Lithian Wad,Variety,,Wad
Lithium Muscovite (of Levinson),Variety,,Muscovite
Lithium Quartz,Variety,,Quartz
Lithium Tosudite,Variety,,Tosudite
Liver Opal,Variety,,Opal
Lluvisnando opal,Variety,,Opal
Lodestone,Variety,,Magnetite
Lonchidite,Variety,,Marcasite
Lovchorrite,Variety,,Mosandrite-(Ce)
Low Albite,Variety,,Albite
Low sanidine,Variety,,Sanidine
Lublinite,Variety,,Calcite
Lucasite (of Chatard),Variety,,Vermiculite
Lusakite,Variety,,Staurolite
Lussatite,Variety,,Opal-CT
Lusterite,Variety,,Rutile
Lvwen Stone,Variety,,Calcite
Lynx Eye,Variety,,Labradorite
Maclureite,Variety,,Norbergite
Maclurite (of Nuttall and Torrey),Variety,,Diopside
Magnesian pigeonite,Variety,,Pigeonite
Magnesiomargarite,Variety,,Margarite
Magnesiowüstite,Variety,,Wüstite
Magnesium and Chromium-bearing Ilmenite,Variety,,Ilmenite
Magnesium and Chromium-bearing Spinel,Variety,,Spinel
Magnesium and Iron(III)-bearing Ilmenite,Variety,,Iron(III)-bearing Ilmenite
Magnesium Tosudite,Variety,,Tosudite
Magnesium-bearing Annabergite,Variety,,Annabergite
Magnesium-bearing Boothite,Variety,,Boothite
Magnesium-bearing Goslarite,Variety,,Goslarite
Magnesium-bearing Grossular,Variety,,Grossular
Magnesium-bearing Ilmenite,Variety,,Ilmenite
Magnesium-bearing Melanterite,Variety,,Melanterite
Magnesium-bearing Morenosite,Variety,,Morenosite
Magnesium-bearing Schorl,Variety,,Schorl
Magnesium-bearing Siderophyllite,Variety,,Siderophyllite
Magnesium-bearing tephroite,Variety,,Tephroite
Magnesium-bearing Xonotlite,Variety,,Xonotlite
Magnetoilmenite,Variety,,Ilmenite
Magniotriplite,Variety,,Wagnerite
Magnochromite,Variety,,Spinel
Magnomagnetite,Variety,,Magnetite
Malacon,Variety,,Zircon
Manasi Jade,Variety,,Tremolite Jade
Mangan-diaspore,Variety,,Diaspore
Manganapatite,Variety,,Fluorapatite
Manganese Dendrites,Variety,,Manganese Oxides
Manganese-bearing Adamite,Variety,,Adamite
Manganese-bearing Ankerite,Variety,,Ankerite
Manganese-bearing Apatite-(CaOH),Variety,,Hydroxylapatite
Manganese-bearing Brucite,Variety,,Brucite
Manganese-bearing Calcite,Variety,,Calcite
Manganese-bearing Cobaltlotharmeyerite,Variety,,Cobaltlotharmeyerite
Manganese-bearing Dolomite,Variety,,Dolomite
Manganese-bearing Epsomite,Variety,,Epsomite
Manganese-bearing Fluorapatite,Variety,,Fluorapatite
Manganese-bearing Gahnite,Variety,,Gahnite
Manganese-bearing Goldmanite,Variety,,Goldmanite
Manganese-bearing Grossular,Variety,,Grossular
Manganese-bearing Hedenbergite,Variety,,Hedenbergite
Manganese-bearing Hellandite-(Y),Variety,,Hellandite-(Y)
Manganese-bearing Hematite,Variety,,Hematite
Manganese-bearing Ilmenite,Variety,,Ilmenite
Manganese-bearing Jamesonite,Variety,,Jamesonite
Manganese-bearing Melanterite,Variety,,Melanterite
Manganese-bearing Pectolite,Variety,,Pectolite
Manganese-bearing Pellyite,Variety,,Pellyite
Manganese-bearing Phlogopite,Variety,,Phlogopite
Manganese-bearing Pickeringite,Variety,,Pickeringite
Manganese-bearing rockbridgeite,Variety,,Rockbridgeite
Manganese-bearing Siderite,Variety,,Siderite
Manganese-bearing Stilpnomelane,Variety,,Stilpnomelane
Manganese-bearing Trilithionite,Variety,,Trilithionite
Manganese-bearing Vesuvianite,Variety,,Vesuvianite
Mangangoslarite,Variety,,Goslarite
Manganilmenite,Variety,,Ilmenite
Manganmagnetite,Variety,,Magnetite
Manganoparawollastonite,Variety,,Wollastonite
Manganophyllite,Variety,,Biotite
Manganosphaerite,Variety,,Siderite
Manganoxydaluminit,Variety,,Wad
Mariposite,Variety,,Phengite
Markovnikite,Variety,,Petroleum
Marmairolite,Variety,,Richterite
Marmatite,Variety,,Sphalerite
Marmolite,Variety,,Serpentine Subgroup
Marsyatskite,Variety,,Glauconite
Martensite,Variety,,Iron
Martinite (of Kloos),Variety,,Whitlockite
Martite,Variety,,Hematite
Mascareignite,Variety,,Opal
Masonite,Variety,,Chloritoid
Masrite,Variety,,Halotrichite
Mátraite,Variety,,Sphalerite
Matura Diamond,Variety,,Zircon
Matveevite,Variety,,Benyacarite
Mauzeliite,Variety,,Roméite Group
Mayberyite,Variety,,Petroleum
Meiling Jade,Variety,,Tremolite Jade
Meißelspat,Variety,,Baryte
Melanite,Variety,,Andradite
Melanosiderite,Variety,,Ferrihydrite
Mendeleevite (of Vernadsky 1914),Variety,,Pyrochlore Supergroup
Mercurian Cadmoselite,Variety,,Cadmoselite
Mercurian Gold,Variety,,Gold
Mercurian Stromeyerite,Variety,,Stromeyerite
Mercuroan Bromargyrite,Variety,,Bromargyrite
Mercury-bearing Sphalerite,Variety,,Sphalerite
Mercury-bearing Tennantite,Variety,,Tennantite Subgroup
Mercury-bearing Tetrahedrite,Variety,,Tetrahedrite Subgroup
Mesitine Spar,Variety,,Iron-bearing Magnesite
Mesoperthite,Variety,,Perthite
Messerspat,Variety,,Baryte
Meta-jarlite,Variety,,Jarlite
Metaberyllite,Variety,,Beryllite
Metatriplite,Variety,,Triplite
Metaxite (of de Fourestier),Variety,,Serpentine Subgroup
Mexican Fire Opal,Variety,,Opal
Mexican Jade,Variety,,Calcite
Mexican Lace Agate,Variety,,Agate
Mg-Fillowite,Variety,,Fillowite
Mg-rich Calcite,Variety,,Calcite
Mg-rich Dolomite,Variety,,Dolomite
Mg-rich Erythrite,Variety,,Erythrite
Mg-rich Siderite,Variety,,Siderite
Mg-Titanomagnetite,Variety,,Magnetite
Mg(T) Mica,Variety,,Biotite
Milk Opal,Variety,,Opal
Milky Quartz,Variety,,Quartz
Mn-Tourmaline,Variety,,Tourmaline
Mocha Stone,Variety,,Agate
Mohrenkopfturmalin,Variety,,Tourmaline
Molybdenian Stolzite,Variety,,Stolzite
Molybdoscheelite,Variety,,Scheelite
Molybdosodalite,Variety,,Sodalite
Monheimite,Variety,,Smithsonite
Moor's head tourmaline,Variety,,Tourmaline
Mooraboolite,Variety,,Natrolite
Moqi agate,Variety,,Agate
Morganite,Variety,,Beryl
Moroxite,Variety,,Apatite
Morvenite,Variety,,Harmotome
Moss Agate,Variety,,Chalcedony
Moss Opal,Variety,,Opal
Mother of Opal,Variety,,Precious Opal
Mountain Cork,Variety,,Asbestos
Mountain Leather,Variety,,Asbestos
Mountain Opal,Variety,,Opal
Mountain Paper,Variety,,Asbestos
Mountain Wood,Variety,,Asbestos
Mozambikite,Variety,,Thorite
Mt St Helens Stone,Variety,,Glass
Muckite,Variety,,Retinite
Munkforssite,Variety,,Chlorapatite
Munktenite,Variety,,Amber
Muntenite,Variety,,Amber
Mushketovite,Variety,,Magnetite
Mutabilite,Variety,,Cyclite
Mutzschen Diamonds,Variety,,Quartz
Myrickite,Variety,,Chalcedony
Mysorin,Variety,,Malachite
"Na-(Mg,Fe)-margarite",Variety,,Margarite
Nadelpyrit,Variety,,Pyrite
Naegite,Variety,,Zircon
Nagatelite,Variety,,Allanite-(Ce)
Nailhead Spar,Variety,,Calcite
Nakaseite,Variety,,Senandorite
Nano-Polycrystalline Diamond,Variety,,Diamond
Native Amalgam,Variety,,Silver
Natrobistantite,Variety,,Zero valent dominant member of the Microlite Group
Natronbiotite,Variety,,Biotite
Natronkalisimonyit,Variety,,Blödite
Needle Tin,Variety,,Cassiterite
Nemalite,Variety,,Brucite
Ni-Serpentine,Variety,,Serpentine Subgroup
Nickel and Chromium-rich Illite,Variety,,Illite
Nickel-bearing Adamite,Variety,,Adamite
Nickel-bearing Ankerite,Variety,,Ankerite
Nickel-bearing Calcite,Variety,,Calcite
Nickel-bearing Clinochlore,Variety,,Clinochlore
Nickel-bearing Copper,Variety,,Copper
Nickel-bearing Gold,Variety,,Gold
Nickel-bearing Lizardite,Variety,,Lizardite
Nickel-bearing Magnesite,Variety,,Magnesite
Nickel-bearing Magnetite,Variety,,Magnetite
Nickel-bearing Psilomelane,Variety,,Psilomelane
Nickel-bearing Pyrite,Variety,,Pyrite
Nickel-bearing Pyrrhotite,Variety,,Pyrrhotite
Nickel-bearing Rosasite,Variety,,Rosasite
Nickel-bearing Serpentine,Variety,,Serpentine Subgroup
Nickel-bearing Talmessite,Variety,,Talmessite
Nickel-bearing Tourmaline,Variety,,Tourmaline
Nigrine,Variety,,Rutile
Niobian Brookite,Variety,,Brookite
Niobian Ferberite,Variety,,Ferberite
Niobium- and Chromium-bearing Rutile,Variety,,Rutile
Niobium-bearing Anatase,Variety,,Anatase
Niobium-bearing Rutile,Variety,,Rutile
Niobochevkinite,Variety,,Chevkinite-(Ce)
Nioboloparite,Variety,,Loparite-(Ce)
Niobozirconolite,Variety,,Zirconolite
Nipomo Agate,Variety,,Chalcedony
Nivenite,Variety,,Uraninite
Nussièrite,Variety,,Pyromorphite
Nuttalite,Variety,,Scapolite
Nuttallite,Variety,,Meionite
Oakstone,Variety,,Baryte
Oellacherite,Variety,,Muscovite
Oerstedite,Variety,,Zircon
Oerstedtite,Variety,,Zircon
Oil Quartz,Variety,,Quartz
Oktibbehite,Variety,,Nickel
Oligoclase,Variety,,Albite
Oligoclase-Albite,Variety,,Oligoclase
Oligonite,Variety,,Siderite
Olivinoid,Variety,,Olivine
Onyx,Variety,,Agate
Onyx Opal,Variety,,Opal
Oolitic Opal,Variety,,Opal
Opal Matrix,Variety,,Precious Opal
Opal-A,Variety,,Opal
Opal-AG,Variety,,Opal-A
Opal-Agate,Variety,,Opal
Opal-AN,Variety,,Opal-A
Opal-C,Variety,,Opal
Opal-CT,Variety,,Opal
Opal-Jasper,Variety,,Opal
Opaline,Variety,,Opal
Orangite,Variety,,Thorite
Ordite,Variety,,Gypsum
Oregon Sunstone,Variety,,Labradorite
Oriental Amethyst,Variety,,Corundum
Oriental Emerald,Variety,,Corundum
Oriental Topaz,Variety,,Corundum
Orlets,Variety,,Rhodonite
Ornithite,Variety,,Carbonate-rich Hydroxylapatite
Orvillite,Variety,,Zircon
Osmiridium,Variety,,Iridium
Osseous Amber,Variety,,Amber
Osteolith,Variety,,Apatite
Owyhee Jasper,Variety,,Jasper
Oxy-petscheckite,Variety,,Petscheckite
Oxybiotite,Variety,,Biotite
Oxychlorite,Variety,,Chlorite Group
Oyamalite,Variety,,Zircon
Pachea,Variety,,Beryl
Padmaragaya,Variety,,Corundum
Padparadscha,Variety,,Sapphire
Painter Boulder,Variety,,Precious Opal
Palladium- and Platinum-bearing Tetra-auricupride,Variety,,Tetra-auricupride
Palladium-bearing Cobaltite,Variety,,Cobaltite
Palladium-bearing Copper,Variety,,Copper
Palladium-bearing Gold,Variety,,Gold
Palladium-bearing Melonite,Variety,,Melonite
Palladium-bearing Pentlandite,Variety,,Pentlandite
Palladium-bearing Platinum,Variety,,Platinum
Palladium-bearing Tetra-auricupride,Variety,,Tetra-auricupride
Papierspat,Variety,,Calcite
Para-Kupferglanz,Variety,,Chalcocite
Paradoxite,Variety,,Orthoclase
Paraíba Tourmaline,Variety,,Copper-bearing Elbaite
Parakaolinite,Variety,,Kaolinite
Pastelite,Variety,,Jasper
Patagosite,Variety,,Calcite
Patricianite,Variety,,Prehnite
Pearl Aura,Variety,,Aqua Aura
Pecos Diamonds,Variety,,Quartz
Pelagosite,Variety,,Aragonite
Pelhamine,Variety,,Serpentine Subgroup
Pennine,Variety,,Clinochlore
Penninite,Variety,,Clinochlore
Pericline,Variety,,Albite
Peridot,Variety,,Forsterite
Peristerite,Variety,,Albite
Persbergite,Variety,,Muscovite
Perthite,Variety,,Feldspar Group
Petschite,Variety,,Scapolite
PGE-rich Chalcopyrite,Variety,,Chalcopyrite
Phacolite,Variety,,Chabazite
Phantomquarz,Variety,,Quartz
Phengite,Variety,,Muscovite
Philipstadite,Variety,,Ferro-hornblende
Phillipite,Variety,,Chalcanthite
Phosphate-Allophane,Variety,,Allophane
Phosphoralunogen,Variety,,Alunogen
Phosphoscorodite,Variety,,Scorodite
Phosphothorite,Variety,,Thorite
Picotite,Variety,,Hercynite
Picrochromite,Variety,,Magnesiochromite
Picrocrichtonite,Variety,,Ilmenite
Picroilmenite,Variety,,Ilmenite
Picrolite,Variety,,Serpentine Subgroup
Picrotephroite,Variety,,Tephroite
Picrotitanite,Variety,,Ilmenite
Pietersite,Variety,,Chalcedony
Pigeon Blood Agate,Variety,,Agate
Pilarite,Variety,,Chrysocolla
Pilite,Variety,,Olivine
Pineapple Opal,Variety,,Opal
Pinfire Opal,Variety,,Precious Opal
Pipe Opal,Variety,,Opal
Pissophanite,Variety,,Paraluminite
Pistomesite,Variety,,Mg-rich Siderite
Pitch Opal,Variety,,Opal
Pitchblende,Variety,,Uraninite
Plaffeiite,Variety,,Amber
Plasma,Variety,,Chalcedony
Platarsite,Variety,,Sperrylite
Platiniridium,Variety,,Iridium
Platinoshuangfengite,Variety,,Shuangfengite
Platinum-bearing Gold,Variety,,Gold
Platinum-bearing Palladium,Variety,,Palladium
Platosmiridium,Variety,,Iridium
Plazolite,Variety,,Grossular
Pleonaste,Variety,,Spinel
Plumballophane,Variety,,Allophane
Plumbeine,Variety,,Galena
Plumbobetafite (of Hogarth 1977),Variety,,Pyrochlore Supergroup
Plumbodolomit,Variety,,Dolomite
Plumbopyrochlore (of Skorobogatova et al.),Variety,,Pyrochlore Group
Plumbosynadelphite,Variety,,Synadelphite
Plume Agate,Variety,,Chalcedony
Poker Chip Calcite,Variety,,Calcite
Polianite,Variety,,Pyrolusite
Polyadelphite,Variety,,Andradite
Polyargite,Variety,,Pinite
Polychroilite,Variety,,Pinite
Polynite,Variety,,Clay minerals
Polyphant Stone,Variety,,Talc
Polywurtzite,Variety,,Wurtzite
Polyxene,Variety,,Platinum
Ponite,Variety,,Rhodochrosite
Porpezite,Variety,,Gold
Porricin,Variety,,Aegirine-augite
Potassium-bearing Richterite,Variety,,Richterite
Potch,Variety,,Opal
Prase,Variety,,Quartz
Prase Opal,Variety,,Opal
Prase-malachite,Variety,,Prase
Prasiolite,Variety,,Quartz
Prasochrome,Variety,,Calcite
Prasolite,Variety,,Chlorite Group
Precious Fire Opal,Variety,,Fire Opal
Precious Opal,Variety,,Opal
Prixite,Variety,,Mimetite
Prunnerite,Variety,,Calcite
Prystine,Variety,,Magnesite
Przibramite (of Huot),Variety,,Sphalerite
Pseudoapatite,Variety,,Apatite
Pseudocubic Quartz,Variety,,Quartz
Pseudogaylussite,Variety,,Calcite
Pseudolite,Variety,,Talc
Pseudomesolite,Variety,,Mesolite
Pseudothuringite,Variety,,Chamosite
Pseudozoisite,Variety,,Zoisite
Purple Jade,Variety,,Lepidolite
Pycnochlorite,Variety,,Clinochlore
Pyknite,Variety,,Topaz
Pyroclasite (of Shepard),Variety,,Hydroxylapatite
Pyrophane,Variety,,Precious Opal
Pyrorthite,Variety,,Allanite
Pyrrhoarsenite,Variety,,Manganberzeliite
Pyrrhochrysit,Variety,,Gold
Quartz Gwindel,Variety,,Quartz
Quartzine,Variety,,Chalcedony
Quatr-Bornite,Variety,,Bornite
Quetzalitztli,Variety,,Jasper
Quinzite Opal,Variety,,Opal
Radial Willemite,Variety,,Willemite
Radian Barite,Variety,,Baryte
Radiolite Opal,Variety,,Opal
Radiotine,Variety,,Serpentine Subgroup
Rainbow Aura,Variety,,Aqua Aura
Rainbow Garnet,Variety,,Andradite
Rainbow Lattice Sunstone,Variety,,Orthoclase
Rashleighite,Variety,,Turquoise
Raspberyl,Variety,,Red Beryl
Ratovkite,Variety,,Fluorite
Rb-rich Lepidolite,Variety,,Lepidolite
Red Beryl,Variety,,Beryl
Red Flash Opal,Variety,,Precious Opal
Red Ochre,Variety,,Hematite
Redondite,Variety,,Variscite
Reinite,Variety,,Ferberite
Resin Opal,Variety,,Opal
Retinalite,Variety,,Serpentine Subgroup
Rhätizite,Variety,,Kyanite
Rhenian Molybdenite,Variety,,Molybdenite
Rhodian Pentlandite,Variety,,Pentlandite
Rhodic Ferroplatinum,Variety,,Iron-Platinum alloy
Rhodic Nevyanskite,Variety,,Osmium
Rhodic Platinum,Variety,,Platinum
Rhodite,Variety,,Gold
Rhodolite,Variety,,Almandine-Pyrope Series
Riband Agate,Variety,,Agate
Riband Jasper,Variety,,Jasper
Ribeirite,Variety,,Zircon
Ricolite,Variety,,Serpentine Subgroup
Riebeckrichterite,Variety,,Richterite
Riesling Beryl,Variety,,Beryl
Ripidolite,Variety,,Clinochlore
Risörite,Variety,,Fergusonite-(Y)
Rock Crystal,Variety,,Quartz
Roepperite (of Brush),Variety,,Fayalite
Roepperite (of Kenngott),Variety,,Calcite
Rose Quartz,Variety,,Quartz
Rosolite,Variety,,Grossular
Rosstrevorite,Variety,,Epidote
Rosterite,Variety,,Caesium Beryl
Rosthornite,Variety,,Amber
Rozhkovite,Variety,,Auricupride
Rozircon,Variety,,Spinel
Rubellan,Variety,,Biotite
Rubellite,Variety,,Tourmaline
Rubicelle,Variety,,Spinel
Rubidium-bearing Muscovite,Variety,,Muscovite
Rubidium-bearing Sylvite,Variety,,Sylvite
Ruby,Variety,,Corundum
Ruby Spinel,Variety,,Spinel
Ruthenian Iridium,Variety,,Iridium
Rutheniridium,Variety,,Iridium
Ruthenosmiridium,Variety,,Iridium
Rutilated Quartz,Variety,,Quartz
Saamite (of Volkova & Melentiev),Variety,,Fluorapatite
Sagenite (of Kunz),Variety,,Quartz
Sagenite (of Saussure),Variety,,Rutile
Sakharovaite,Variety,,Jamesonite
Salite,Variety,,Diopside
Samiresite,Variety,,Uranpyrochlore (of Hogarth 1977)
Sammetblende,Variety,,Goethite
Sammtblende,Variety,,Goethite
Samtblende,Variety,,Goethite
Sand-Calcite,Variety,,Calcite
Sapphire,Variety,,Corundum
Sard,Variety,,Chalcedony
Sardonyx,Variety,,Agate
Satin Spar Gypsum,Variety,,Gypsum
Saukovite,Variety,,Metacinnabar
Sb-rich pinakiolite,Variety,,Pinakiolite
Sc-Perrierite,Variety,,Perrierite-(Ce)
Scandian Actinolite,Variety,,Actinolite
Scandian Ixiolite (of Bergstøl & Juve),Variety,,Ixiolite-(Mn2+)-Ixiolite-(Fe2+) Series
Scandian Ixiolite (of von Knorring),Variety,,Ixiolite-(Mn2+)-Ixiolite-(Fe2+) Series
Scandium Microlite (of Bergstøl & Juve),Variety,,Microlite Group
Scandium-bearing Columbite-(Fe),Variety,,Columbite-(Fe)
Scandium-bearing Tusionite,Variety,,Tusionite
Sceptre Quartz,Variety,,Quartz
Scheererite,Variety,,Ozocerite
Schefferite,Variety,,Diopside
Schernikite,Variety,,Muscovite
Schneebergite (of Brezina),Variety,,Roméite Group
Schoharite,Variety,,Baryte
Schwimmstein,Variety,,Quartz
Se-free Junoite,Variety,,Junoite
Se-free Proudite,Variety,,Proudite
Sea Foam Willemite,Variety,,Willemite
Seftonite,Variety,,Chalcedony
Selen-tellurium,Variety,,Tellurium
Seleniovaesit,Variety,,Vaesite
Selenite,Variety,,Gypsum
Selenium-bearing Bismuthinite,Variety,,Bismuthinite
Selenium-bearing Cosalite,Variety,,Cosalite
Selenium-bearing Covellite,Variety,,Covellite
Selenium-bearing Famatinite,Variety,,Famatinite
Selenium-bearing Galena,Variety,,Galena
Selenium-bearing Kobellite,Variety,,Kobellite
Selenium-bearing Metacinnabar,Variety,,Metacinnabar
Selenium-bearing Stibnite,Variety,,Stibnite
Selenium-bearing Sulphur,Variety,,Sulphur
Seraphinite,Variety,,Clinochlore
Sericite,Variety,,Muscovite
Serpentinasbest,Variety,,Serpentine Subgroup
Serpentine Jade,Variety,,Serpentine Subgroup
Shell Opal,Variety,,Opal
Sheridanite,Variety,,Clinochlore
Shocked Quartz,Variety,,Quartz
Shungite (1),Variety,,Pyrobitumen
Siberite,Variety,,Elbaite
Sicklerite,Variety,,Lithiophilite
Sideroplesite,Variety,,Mg-rich Siderite
Silfbergite (of Niggli),Variety,,Magnetite
Silico-ilmenite,Variety,,Ilmenite
Silicomanganberzeliite,Variety,,Manganberzeliite
Silicomonazite,Variety,,Monazite-(Ce)
Silicorhabdophane,Variety,,Rhabdophane
Silver- and Gold-bearing Tetrahedrite,Variety,,Tetrahedrite Subgroup
Silver- and mercury-bearing Gold,Variety,,Gold
Silver-bearing Anglesite,Variety,,Anglesite
Silver-bearing Bindheimite,Variety,,Bindheimite
Silver-bearing Bismuthinite,Variety,,Bismuthinite
Silver-bearing Bornite,Variety,,Bornite
Silver-bearing Cerussite,Variety,,Cerussite
Silver-bearing Chalcocite,Variety,,Chalcocite
Silver-bearing Chalcopyrite,Variety,,Chalcopyrite
Silver-bearing Covellite,Variety,,Covellite
Silver-bearing Enargite,Variety,,Enargite
Silver-bearing Galena,Variety,,Galena
Silver-bearing Galenobismutite,Variety,,Galenobismutite
Silver-bearing Lillianite,Variety,,Lillianite
Silver-bearing Oulankaite,Variety,,Oulankaite
Silver-bearing Pentlandite,Variety,,Pentlandite
Silver-bearing Pyrite,Variety,,Pyrite
Silver-bearing Pyrolusite,Variety,,Pyrolusite
Silver-bearing Tennantite,Variety,,Tennantite Subgroup
Silver-bearing Tetrahedrite,Variety,,Tetrahedrite Subgroup
Silver-bearing Ustarasite,Variety,,Ustarasite
Silver-bearing Wad,Variety,,Wad
Silver-bearing Wittichenite,Variety,,Wittichenite
Silver-bearing Wittite,Variety,,Wittite
Silver-bearing Xilingolite,Variety,,Xilingolite
Simetite,Variety,,Amber
Skemmatite,Variety,,Romanèchite
Skolite,Variety,,Glauconite
Slate Spar,Variety,,Calcite
Slocum Stone,Variety,,Opal
Smaragdite,Variety,,Actinolite
Smoky Quartz,Variety,,Quartz
Snakeskin Agate,Variety,,Chalcedony
Snarumite,Variety,,Gedrite
Snow,Variety,,Ice
Sobotkite,Variety,,Saponite
Soda Jadeite,Variety,,Jadeite
Soda-Augite,Variety,,Augite
Soda-Dehrnite,Variety,,Carbonate-rich Fluorapatite
Soda-Dravite,Variety,,Dravite
Soda-Glauconite,Variety,,Glauconite
Sodic Albite,Variety,,Albite
Sooty Uraninite,Variety,,Uraninite
Spandite,Variety,,Spessartine
Spectrolite,Variety,,Labradorite
Specularite,Variety,,Hematite
Sphaerodialogite,Variety,,Rhodochrosite
Sphäromagnesit,Variety,,Magnesite
Sphärosiderite,Variety,,Siderite
Spheromagnesite,Variety,,Magnesite
Spreustein,Variety,,Natrolite
Squawcreekite,Variety,,Tripuhyite
Stannoan Grossular,Variety,,Grossular
Stannoenargite,Variety,,Enargite
Stannoluzonite,Variety,,Luzonite
Stannomicrolite (of Hogarth 1977),Variety,,Microlite Group
Star Corundum,Variety,,Corundum
Star Garnet,Variety,,Almandine
Star Kornerupine,Variety,,Kornerupine
Star muscovite,Variety,,Muscovite
Star Quartz,Variety,,Quartz
Star Ruby,Variety,,Ruby
Star rutile,Variety,,Rutile
Star Sapphire,Variety,,Sapphire
Starlite,Variety,,Zircon
Stassfurtite,Variety,,Boracite
Steatite,Variety,,Talc
Sternmagnesit,Variety,,Magnesite
Stewartite (of Sutton),Variety,,Diamond
Stibiobetafite (of Černý et al.),Variety,,Pyrochlore Supergroup
Stibiodomeykite,Variety,,Domeykite
Stibioluzonite (of Schneiderhöhn & Ramdohr),Variety,,Famatinite
Stibiopyrochlore (of Pezzotta et al.),Variety,,Pyrochlore Group
Stilpnosiderite,Variety,,Limonite
Stink-Fluss,Variety,,Fluorite
Stinkkalk,Variety,,Calcite
Stone-butter,Variety,,Clay minerals
Stornesite-(Y),Variety,,Chladniite
Strigovite,Variety,,Chamosite
Strontioburbankite,Variety,,Burbankite
Strontiohilgardite,Variety,,Hilgardite
Strontiohilgardite-1Tc,Variety,,Hilgardite
Strontium-bearing Apatite,Variety,,Fluorapatite
Strontium-bearing Aragonite,Variety,,Aragonite
Strontium-bearing Baryte,Variety,,Baryte
Strontium-bearing Crandallite,Variety,,Crandallite
Strontium-bearing Fluorite,Variety,,Fluorite
Strontium-bearing Natroalunite,Variety,,Natroalunite
Strontium-bearing Piemontite,Variety,,Piemontite
Strontium-bearing Potassic-richterite,Variety,,Potassic-richterite
Strontium-bearing Thomsonite,Variety,,Thomsonite-Ca
Strontium-rich Calcite,Variety,,Calcite
Strüverite,Variety,,Rutile
Subcalcic augite,Variety,,Clinopyroxene Subgroup
Subcalcic ferroaugite,Variety,,Clinopyroxene Subgroup
Sulfite-rich thaumasite,Variety,,Thaumasite
Sulphatapatit,Variety,,Fluorapatite
Sulphate and Strontium-bearing Monazite-(Ce),Variety,,Monazite-(Ce)
Suttroper Quarz,Variety,,Quartz
Talc-chlorite,Variety,,Clinochlore
Talkapatit,Variety,,Apatite
Talktriplite,Variety,,Triplite
Tangenite,Variety,,Betafite (of Hogarth 1977)
Tantalum-bearing cassiterite,Variety,,Cassiterite
Tantalum-bearing Rutile,Variety,,Rutile
Tanzanite,Variety,,Zoisite
Taraspite,Variety,,Dolomite
Tartuffite,Variety,,Fetid Calcite
Tatarkaite,Variety,,Chlorite Group
Tautoklin,Variety,,Ankerite
Tawmawite,Variety,,Epidote
Taylorite (of Dana),Variety,,Arcanite
Tazewellite,Variety,,Meteoritic Iron
Taznite,Variety,,Bindheimite
Tecoretin,Variety,,Fichtelite
Telaspyrine,Variety,,Pyrite
Tellurium-bearing Canfieldite,Variety,,Canfieldite
Tellurium-bearing Ikunolite,Variety,,Ikunolite
Tellurium-bearing Tennantite,Variety,,Tennantite Subgroup
Tellurocanfieldite,Variety,,Canfieldite
Tellursulphur,Variety,,Sulphur
Teratolith,Variety,,Bole
Teremkovite,Variety,,Owyheeite
Teruelite,Variety,,Dolomite
Tetragonal Titanium,Variety,,Titanium
Thallium- and Arsenic-bearing Pyrite,Variety,,Pyrite
Thallium-bearing Alum-(K),Variety,,Alum-(K)
Thallium-bearing Carnotite,Variety,,Carnotite
Thallium-bearing Cryptomelane,Variety,,Cryptomelane
Thallium-bearing Murunskite,Variety,,Murunskite
Thioelaterite,Variety,,Elaterite
Thorian Britholite-(Ce),Variety,,Britholite-(Ce)
Thorian Curite,Variety,,Curite
Thorian Uraninite,Variety,,Uraninite
Thorogummite,Variety,,Thorite
Thucholite,Variety,,Pyrobitumen
Thulite,Variety,,Zoisite
Thuringite,Variety,,Chamosite
Ti Salite,Variety,,Salite
Ti-kushiroite,Variety,,Kushiroite
Tianhuang Stone,Variety,,Nacrite
Tiffany stone,Variety,,Fluorite
Tile ore,Variety,,Cuprite
Tin-bearing Andradite,Variety,,Andradite
Tin-bearing Chalcopyrite,Variety,,Chalcopyrite
Tin-bearing Copper,Variety,,Copper
Tin-bearing Ludwigite,Variety,,Ludwigite
Tin-bearing Magnetite,Variety,,Magnetite
Tin-bearing Titanite,Variety,,Titanite
Titan-låvenite,Variety,,Låvenite
Titan-uranoan Fluorcalciomicrolite,Variety,,Fluorcalciomicrolite
Titan-uranoan Oxycalciopyrochlore,Variety,,Oxycalciopyrochlore
Titanian Troilite,Variety,,Troilite
Titanium Quartz,Variety,,Aqua Aura
Titanium- and Potassium-bearing Richterite,Variety,,Richterite
Titanium-bearing Aegirine,Variety,,Aegirine
Titanium-bearing Andalusite,Variety,,Andalusite
Titanium-bearing Andradite,Variety,,Andradite
Titanium-bearing Augite,Variety,,Augite
Titanium-bearing Berthierine,Variety,,Berthierine
Titanium-bearing Biotite,Variety,,Biotite
Titanium-bearing Chromite,Variety,,Chromite
Titanium-bearing Corundum,Variety,,Corundum
Titanium-bearing Diopside,Variety,,Diopside
Titanium-bearing Garnet,Variety,,Garnet Group
Titanium-bearing Jadeite,Variety,,Jadeite
Titanium-bearing Magnetite,Variety,,Magnetite
Titanium-bearing Omphacite,Variety,,Omphacite
Titanium-bearing Phlogopite,Variety,,Phlogopite
Titanium-bearing Pyrope,Variety,,Pyrope
Titanium-bearing Samarskite-(Y),Variety,,Samarskite-(Y)
Titanmelanite,Variety,,Andradite
Titano-spinel,Variety,,Spinel
Titanochondrodite,Variety,,Chondrodite
Titanocolumbite,Variety,,Columbite
Titanohematite,Variety,,Hematite
Toad's Eye Tin,Variety,,Cassiterite
Topazolite,Variety,,Andradite
Transvaal Jade,Variety,,Grossular
Trapiche emerald,Variety,,Emerald
Trapiche Quartz,Variety,,Quartz
Trapiche ruby,Variety,,Ruby
Trapiche tourmaline,Variety,,Tourmaline
Traversellite,Variety,,Diopside
Traversoite,Variety,,Chrysocolla
Tremolitasbest,Variety,,Tremolite
Triclinic Titanite,Variety,,Titanite
Trillium,Variety,,Apatite
Troostite,Variety,,Willemite
Tsavorite,Variety,,Grossular
Tungstenian Wodginite,Variety,,Wodginite
Tungstenoan Wulfenite,Variety,,Wulfenite
Turkey-Fat Ore,Variety,,Smithsonite
Turnerite,Variety,,Monazite-(Ce)
U-Galena,Variety,,Galena
Umbalite,Variety,,Pyrope-Spessartine Series
Unnamed (Cubic NiSe2),Variety,,Penroseite
Uralite,Variety,,Amphibole Supergroup
Uranium-bearing Graphite,Variety,,Graphite
Uranium-bearing Zircon,Variety,,Zircon
Uranoan thorite,Variety,,Thorite
Uranohydrothorite,Variety,,Uranothorite
Uranoniobite (of Hermann),Variety,,Uraninite
Uranothorianite,Variety,,Thorianite
Uranothorite,Variety,,Thorite
Uranpyrochlore (of Hogarth 1977),Variety,,Pyrochlore Group
Urbanite,Variety,,Aegirine-augite
Usolite,Variety,,Calcite
Vaalite,Variety,,Vermiculite
Valencianite,Variety,,Adularia
Valuevite,Variety,,Clintonite
Vanadinbronzite,Variety,,Enstatite
Vanadio-laumontite,Variety,,Laumontite
Vanadium and Titanium-bearing Magnetite,Variety,,Magnetite
Vanadium Tourmaline,Variety,,Tourmaline
Vanadium-bearing Adelite,Variety,,Adelite
Vanadium-bearing Aegirine,Variety,,Aegirine
Vanadium-bearing Illite,Variety,,Illite
Vanadium-bearing Magnetite,Variety,,Magnetite
Vanadium-bearing Mimetite,Variety,,Mimetite
Vanadium-bearing Muscovite,Variety,,Muscovite
Vanadium-bearing phlogopite,Variety,,Phlogopite
Vanadium-bearing Rutile,Variety,,Rutile
Vanadium-bearing Spessartine,Variety,,Spessartine
Vanadium-bearing Wulfenite,Variety,,Wulfenite
Vanodiochrome spinel,Variety,,Magnetite
Vanuxemite,Variety,,Sauconite
Verdelite,Variety,,Tourmaline
Verdite,Variety,,Fuchsite
Vernadskite,Variety,,Antlerite
Viandite,Variety,,Siliceous sinter
Vietinghofite,Variety,,Samarskite-(Y)
Vilateite,Variety,,Phosphosiderite
Violan,Variety,,Diopside
Viridine,Variety,,Andalusite
Vogelaugenjaspis,Variety,,Jasper
Voltzite,Variety,,Wurtzite
Vorhauserite,Variety,,Antigorite
Vulpinite,Variety,,Anhydrite
Wackenrodite,Variety,,Wad
Wapplerite,Variety,,Rösslerite
Wash Opal,Variety,,Opal
Washingtonite,Variety,,Ilmenite
Wasite,Variety,,Allanite
Watercolour jasper,Variety,,Irnimite
Watermelon Tourmaline,Variety,,Tourmaline
Wax Opal,Variety,,Opal
Webskyite,Variety,,Antigorite
Weissite (of Trolle-Wachtmeister),Variety,,Clinochlore
Wellsite,Variety,,Phillipsite Subgroup
Wernerite,Variety,,Scapolite
Weslienite,Variety,,Roméite Group
White Jade,Variety,,Tremolite Jade
White Opal,Variety,,Precious Opal
Whitneyite,Variety,,Copper
Wickelkmamzite,Variety,,Kamacite
Wiedgerite,Variety,,Elaterite
Wilkeite,Variety,,Fluorellestadite
Wilkinite,Variety,,Smectite-claystone
Wilkite,Variety,,Jasper
Williamsite,Variety,,Antigorite
Wilsonite,Variety,,Muscovite
Withamite,Variety,,Epidote
Wodanite,Variety,,Biotite
Wolframoixiolite,Variety,,Ixiolite-(Mn2+)-Ixiolite-(Fe2+) Series
Wood Copper,Variety,,Olivenite
Wood iron (2),Variety,,Siderite
Wood Iron(1),Variety,,Goethite
Wood Tin,Variety,,Cassiterite
Xanthitane,Variety,,Anatase
Xanthite,Variety,,Vesuvianite
Xanthoarsenite,Variety,,Sarkinite
Xanthorthite,Variety,,Allanite
Xingshaoite,Variety,,Willemite
Yamaguchilite,Variety,,Zircon
Yanshainshynite,Variety,,Thorite
Yellow Seal Stone,Variety,,Dickite
Youngite,Variety,,Agate
Yowah Nut,Variety,,Boulder Opal
Yttergranat,Variety,,Andradite
Yttrium-bearing Titanite,Variety,,Titanite
Yttriumapatite,Variety,,Apatite
Yttrocerite,Variety,,Fluorite
Yttroepidote,Variety,,Allanite-Epidote
Yttrofluorite,Variety,,Fluorite
Yttrogummite,Variety,,Gummite
Yttropyrochlore (of Hogarth 1977),Variety,,Pyrochlore Group
Zero valent dominant member of Pyrochlore Group,Variety,,Pyrochlore Group
Zero valent dominant member of the Microlite Group,Variety,,Microlite Group
Zeugite,Variety,,Whitlockite
Zinc and Manganese-bearing Fluorophlogopite,Variety,,Fluorophlogopite
Zinc and Manganese-bearing Phlogopite,Variety,,Phlogopite
Zinc-bearing Acanthite,Variety,,Acanthite
Zinc-bearing and Manganese-bearing Epsomite,Variety,,Epsomite
Zinc-bearing Annabergite,Variety,,Annabergite
Zinc-bearing Aragonite,Variety,,Aragonite
Zinc-bearing Calcite,Variety,,Calcite
Zinc-bearing Cerussite,Variety,,Cerussite
Zinc-bearing Chalcopyrite,Variety,,Chalcopyrite
Zinc-bearing Devilline,Variety,,Devilline
Zinc-bearing Dolomite,Variety,,Dolomite
Zinc-bearing Garnierite,Variety,,Garnierite
Zinc-bearing Greenockite,Variety,,Greenockite
Zinc-bearing Kupletskite,Variety,,Kupletskite
Zinc-bearing Libethenite,Variety,,Libethenite
Zinc-bearing Magnetite,Variety,,Magnetite
Zinc-bearing Malachite,Variety,,Malachite
Zinc-bearing Melanterite,Variety,,Melanterite
Zinc-bearing Muscovite,Variety,,Muscovite
Zinc-bearing Olivenite,Variety,,Olivenite
Zinc-bearing Siderite,Variety,,Siderite
Zinc-bearing Stannite,Variety,,Stannite
Zinc-bearing Staurolite,Variety,,Staurolite
Zinc-bearing Talc,Variety,,Talc
Zinc-bearing Tennantite,Variety,,Tennantite Subgroup
Zinc-bearing β-Vredenburgite,Variety,,β-Vredenburgite
Zinc-Schefferite,Variety,,Diopside
Zincazurite,Variety,,Azurite
Zinclavendulan,Variety,,Lavendulan
Zincorhodochrosite,Variety,,Rhodochrosite
Zirconian Hafnon ,Variety,,Hafnon-Zircon Series
Zirconium- and Yttrium-bearing Coffinite,Variety,,Coffinite
Zirconium-bearing Halloysite,Variety,,Halloysite
Zygadite,Variety,,Albite
